# Пиксельный стиль (Dead Cells): те же модели, --pixel (Workbench, контур, без сглаживания), кадр герой 64 / крип 48 / Рошан 80 / дерево 96 / Древний 128, world = 2×кадр (1:1 при ?pixel=2). SPRITES=…/dota_px bash dota_pipeline.sh dota_manifest_px.tsv
juggernaut	models/heroes/juggernaut/juggernaut.vmdl_c	--dirs 8 --frame 64 --world 128 --fps 12 --max-frames 12 --pixel --anims walk=run_run,idle=idle,attack=attack@0.12-0.7,death=death,spin=attack_spin	models/heroes/juggernaut/juggernaut_pants.vmdl_c,models/heroes/juggernaut/jugg_mask.vmdl_c,models/heroes/juggernaut/jugg_sword.vmdl_c,models/heroes/juggernaut/jugg_bracers.vmdl_c,models/heroes/juggernaut/jugg_cape.vmdl_c
kobold	models/creeps/neutral_creeps/n_creep_kobold/kobold_a/n_creep_kobold_a.vmdl_c	--dirs 4 --frame 48 --world 96 --fps 10 --pixel --anims walk=run,idle=idle,attack=attack@0.1-0.75,death=death
roshan	models/creeps/roshan/roshan.vmdl_c	--dirs 4 --frame 80 --world 160 --fps 10 --max-frames 10 --pixel --light 1.5 --anims walk=roshan_run,idle=roshan_idle,attack=roshan_attack@0.1-0.75,death=roshan_die
kobold_foreman	models/creeps/neutral_creeps/n_creep_kobold/kobold_c/n_creep_kobold_c.vmdl_c	--dirs 4 --frame 48 --world 96 --fps 10 --max-frames 10 --pixel --anims walk=run,idle=idle,attack=attack@0.1-0.75,death=death
hill_troll	models/creeps/neutral_creeps/n_creep_forest_trolls/n_creep_forest_troll_berserker.vmdl_c	--dirs 4 --frame 48 --world 96 --fps 10 --max-frames 10 --pixel --anims walk=run,idle=idle,attack=attack@0.1-0.75,death=death	models/creeps/neutral_creeps/n_creep_forest_trolls/n_creep_forest_troll_berserker_axe.vmdl_c
satyr	models/creeps/neutral_creeps/n_creep_satyr_b/n_creep_satyr_b.vmdl_c	--dirs 4 --frame 48 --world 96 --fps 10 --max-frames 10 --pixel --light 1.2 --anims walk=run,idle=idle,attack=attack@0.1-0.75,death=death
ogre	models/creeps/neutral_creeps/n_creep_ogre_med/n_creep_ogre_med.vmdl_c	--dirs 4 --frame 64 --world 128 --fps 10 --max-frames 10 --pixel --anims walk=run,idle=idle,attack=attack@0.1-0.75,death=death
centaur	models/creeps/neutral_creeps/n_creep_centaur_lrg/n_creep_centaur_lrg.vmdl_c	--dirs 4 --frame 64 --world 128 --fps 10 --max-frames 10 --pixel --anims walk=run,idle=idle,attack=attack@0.1-0.75,death=death
wildwing	models/creeps/neutral_creeps/n_creep_gargoyle/n_creep_gargoyle.vmdl_c	--dirs 4 --frame 64 --world 128 --fps 10 --max-frames 10 --pixel --anims walk=run,idle=idle,attack=attack@0.1-0.75,death=death
dark_troll	models/creeps/neutral_creeps/n_creep_troll_dark_b/n_creep_troll_dark_b.vmdl_c	--dirs 4 --frame 48 --world 96 --fps 10 --max-frames 10 --pixel --light 1.2 --anims walk=run,idle=idle,attack=attack@0.1-0.75,death=death
lane_creep	models/creeps/lane_creeps/creep_radiant_melee/radiant_melee.vmdl_c	--dirs 4 --frame 48 --world 96 --fps 10 --max-frames 10 --pixel --anims walk=run,idle=idle,attack=attack@0.1-0.75,death=death
siege_creep	models/creeps/lane_creeps/creep_good_siege/creep_good_siege.vmdl_c	--dirs 4 --frame 64 --world 128 --fps 10 --max-frames 10 --pixel --anims walk=run,idle=idle,attack=attack@0.1-0.75,death=death
tree_oak	models/props_tree/tree_oak_01.vmdl_c	--dirs 1 --frame 96 --world 192 --max-frames 1 --pixel --anims idle=idle
tree_pine	models/props_tree/armandpine/armandpine_01.vmdl_c	--dirs 1 --frame 96 --world 192 --max-frames 1 --pixel --anims idle=idle
rock	models/props_nature/rock_ground001.vmdl_c	--dirs 1 --frame 48 --world 96 --max-frames 1 --pixel --anims idle=idle
ancient	models/props_structures/good_ancient001.vmdl_c	--dirs 1 --frame 128 --world 256 --max-frames 1 --pixel --anims idle=idle
hellbear	models/creeps/neutral_creeps/n_creep_beast/n_creep_beast.vmdl_c	--dirs 4 --frame 64 --world 128 --fps 10 --max-frames 10 --pixel --anims walk=run,idle=idle,attack=attack@0.1-0.75,death=die
golem	models/creeps/neutral_creeps/n_creep_golem_a/neutral_creep_golem_a.vmdl_c	--dirs 4 --frame 64 --world 128 --fps 10 --max-frames 10 --pixel --anims walk=run,idle=idle,attack=attack@0.1-0.75,death=dieAlt
phantom_assassin	models/heroes/phantom_assassin/phantom_assassin.vmdl_c	--dirs 8 --frame 64 --world 128 --fps 12 --max-frames 12 --pixel --light 1.4 --anims walk=run,idle=idle,attack=attack@0.12-0.7,death=death	models/heroes/phantom_assassin/phantom_assassin_cape.vmdl_c,models/heroes/phantom_assassin/phantom_assassin_daggers.vmdl_c,models/heroes/phantom_assassin/phantom_assassin_helmet.vmdl_c,models/heroes/phantom_assassin/phantom_assassin_shoulders.vmdl_c,models/heroes/phantom_assassin/phantom_assassin_weapon.vmdl_c
anti_mage	models/heroes/antimage/antimage.vmdl_c	--dirs 8 --frame 64 --world 128 --fps 12 --max-frames 12 --pixel --anims walk=run,idle=idle,attack=attack@0.12-0.7,death=death	models/heroes/antimage/antimage_arms.vmdl_c,models/heroes/antimage/antimage_belt.vmdl_c,models/heroes/antimage/antimage_chest.vmdl_c,models/heroes/antimage/antimage_head.vmdl_c,models/heroes/antimage/antimage_offhand_weapon.vmdl_c,models/heroes/antimage/antimage_weapon.vmdl_c
lina	models/heroes/lina/lina.vmdl_c	--dirs 8 --frame 64 --world 128 --fps 12 --max-frames 12 --pixel --anims walk=run,idle=idle,attack=attack@0.12-0.7,death=death	models/heroes/lina/lina_arms.vmdl_c,models/heroes/lina/lina_belt.vmdl_c,models/heroes/lina/lina_head.vmdl_c,models/heroes/lina/lina_neck.vmdl_c
lich	models/heroes/lich/lich.vmdl_c	--dirs 8 --frame 64 --world 128 --fps 12 --max-frames 12 --pixel --anims walk=run,idle=idle,attack=attack@0.12-0.7,death=death	models/heroes/lich/lich_bracer.vmdl_c,models/heroes/lich/lich_dress.vmdl_c,models/heroes/lich/lich_horns.vmdl_c,models/heroes/lich/lich_neck_rock.vmdl_c
drow_ranger	models/heroes/drow/drow_base.vmdl_c	--dirs 8 --frame 64 --world 128 --fps 12 --max-frames 12 --pixel --anims walk=run,idle=idle,attack=attack@0.12-0.7,death=death	models/heroes/drow/drow_armor.vmdl_c,models/heroes/drow/drow_bracer.vmdl_c,models/heroes/drow/drow_cape.vmdl_c,models/heroes/drow/drow_haircowl.vmdl_c,models/heroes/drow/drow_legs.vmdl_c,models/heroes/drow/drow_quiver.vmdl_c,models/heroes/drow/drow_weapon.vmdl_c
windranger	models/heroes/windrunner/windrunner.vmdl_c	--dirs 8 --frame 64 --world 128 --fps 12 --max-frames 12 --pixel --anims walk=run,idle=idle,attack=attack@0.12-0.7,death=death	models/heroes/windrunner/windrunner_bow.vmdl_c,models/heroes/windrunner/windrunner_cape.vmdl_c,models/heroes/windrunner/windrunner_head.vmdl_c,models/heroes/windrunner/windrunner_quiver.vmdl_c,models/heroes/windrunner/windrunner_shoulderpads.vmdl_c
bristleback	models/heroes/bristleback/bristleback.vmdl_c	--dirs 8 --frame 64 --world 128 --fps 12 --max-frames 12 --pixel --anims walk=run,idle=idle,attack=attack@0.12-0.7,death=death	models/heroes/bristleback/bristleback_back.vmdl_c,models/heroes/bristleback/bristleback_bracer.vmdl_c,models/heroes/bristleback/bristleback_hairball.vmdl_c,models/heroes/bristleback/bristleback_head.vmdl_c,models/heroes/bristleback/bristleback_necklace.vmdl_c,models/heroes/bristleback/bristleback_offhand_weapon.vmdl_c,models/heroes/bristleback/bristleback_weapon.vmdl_c
sven	models/heroes/sven/sven.vmdl_c	--dirs 8 --frame 64 --world 128 --fps 12 --max-frames 12 --pixel --anims walk=run,idle=idle,attack=attack@0.12-0.7,death=death	models/heroes/sven/sven_belt.vmdl_c,models/heroes/sven/sven_gauntlet.vmdl_c,models/heroes/sven/sven_mask.vmdl_c,models/heroes/sven/sven_shoulder.vmdl_c,models/heroes/sven/sven_sword.vmdl_c
storm_spirit	models/heroes/storm_spirit/storm_spirit.vmdl_c	--dirs 8 --frame 64 --world 128 --fps 12 --max-frames 12 --pixel --anims walk=run,idle=idle,attack=attack@0.12-0.7,death=death	models/heroes/storm_spirit/storm_hat.vmdl_c,models/heroes/storm_spirit/storm_shirt.vmdl_c,models/heroes/storm_spirit/storm_shoulder.vmdl_c
leshrac	models/heroes/leshrac/leshrac.vmdl_c	--dirs 8 --frame 64 --world 128 --fps 12 --max-frames 12 --pixel --anims walk=run,idle=idle,attack=attack@0.12-0.7,death=death	models/heroes/leshrac/leshrac_armor.vmdl_c,models/heroes/leshrac/leshrac_arms.vmdl_c,models/heroes/leshrac/leshrac_head.vmdl_c,models/heroes/leshrac/leshrac_tail.vmdl_c
faceless_void	models/heroes/faceless_void/faceless_void.vmdl_c	--dirs 8 --frame 64 --world 128 --fps 12 --max-frames 12 --pixel --light 1.3 --anims walk=run,idle=idle,attack=attack@0.12-0.7,death=death	models/heroes/faceless_void/faceless_void_belt.vmdl_c,models/heroes/faceless_void/faceless_void_body.vmdl_c,models/heroes/faceless_void/faceless_void_bracer.vmdl_c,models/heroes/faceless_void/faceless_void_head.vmdl_c,models/heroes/faceless_void/faceless_void_shoulder.vmdl_c,models/heroes/faceless_void/faceless_void_weapon.vmdl_c
ursa	models/heroes/ursa/ursa.vmdl_c	--dirs 8 --frame 64 --world 128 --fps 12 --max-frames 12 --pixel --anims walk=run,idle=idle,attack=attack@0.12-0.7,death=death	models/heroes/ursa/bracers.vmdl_c,models/heroes/ursa/fur.vmdl_c,models/heroes/ursa/helmet.vmdl_c,models/heroes/ursa/skirt.vmdl_c
lion	models/heroes/lion/lion.vmdl_c	--dirs 8 --frame 64 --world 128 --fps 12 --max-frames 12 --pixel --anims walk=run,idle=idle,attack=attack@0.12-0.7,death=death	models/heroes/lion/lion_cape.vmdl_c,models/heroes/lion/lion_demonarm.vmdl_c,models/heroes/lion/lion_hat.vmdl_c,models/heroes/lion/lion_shoulder.vmdl_c,models/heroes/lion/lion_weapon.vmdl_c
shadow_fiend	models/heroes/nevermore/nevermore.vmdl_c	--dirs 8 --frame 64 --world 128 --fps 12 --max-frames 12 --pixel --light 1.7 --anims walk=run,idle=idle,attack=attack@0.12-0.7,death=death	models/heroes/nevermore/wings.vmdl_c
pugna	models/heroes/pugna/pugna.vmdl_c	--dirs 8 --frame 64 --world 128 --fps 12 --max-frames 12 --pixel --anims walk=run,idle=idle,attack=attack@0.12-0.7,death=death	models/heroes/pugna/pugna_belt.vmdl_c,models/heroes/pugna/pugna_bracers.vmdl_c,models/heroes/pugna/pugna_cape.vmdl_c,models/heroes/pugna/pugna_head.vmdl_c,models/heroes/pugna/pugna_shoulder.vmdl_c,models/heroes/pugna/pugna_weapon.vmdl_c
invoker	models/heroes/invoker/invoker.vmdl_c	--dirs 8 --frame 64 --world 128 --fps 12 --max-frames 12 --pixel --anims walk=run,idle=idle,attack=attack@0.12-0.7,death=death	models/heroes/invoker/invoker_bracer.vmdl_c,models/heroes/invoker/invoker_cape.vmdl_c,models/heroes/invoker/invoker_dress.vmdl_c,models/heroes/invoker/invoker_hair.vmdl_c,models/heroes/invoker/invoker_head.vmdl_c,models/heroes/invoker/invoker_shoulder.vmdl_c
tidehunter	models/heroes/tidehunter/tidehunter.vmdl_c	--dirs 8 --frame 64 --world 128 --fps 12 --max-frames 12 --pixel --anims walk=run,idle=idle,attack=attack@0.12-0.7,death=death	models/heroes/tidehunter/tidehunter_anchor.vmdl_c,models/heroes/tidehunter/tidehunter_belt.vmdl_c,models/heroes/tidehunter/tidehunter_bracer.vmdl_c,models/heroes/tidehunter/tidehunter_kraken_shell.vmdl_c
mirana	models/heroes/mirana/mirana.vmdl_c	--dirs 8 --frame 64 --world 128 --fps 12 --max-frames 12 --pixel --anims walk=run,idle=idle,attack=attack@0.12-0.7,death=death	models/heroes/mirana/bow.vmdl_c,models/heroes/mirana/bracers.vmdl_c,models/heroes/mirana/cape.vmdl_c,models/heroes/mirana/head_item.vmdl_c,models/heroes/mirana/mount.vmdl_c,models/heroes/mirana/quiver.vmdl_c,models/heroes/mirana/shoulders.vmdl_c
clinkz	models/heroes/clinkz/clinkz.vmdl_c	--dirs 8 --frame 64 --world 128 --fps 12 --max-frames 12 --pixel --light 1.3 --anims walk=run,idle=idle,attack=attack@0.12-0.7,death=death	models/heroes/clinkz/clinkz_back.vmdl_c,models/heroes/clinkz/clinkz_bow.vmdl_c,models/heroes/clinkz/clinkz_gloves.vmdl_c,models/heroes/clinkz/clinkz_head.vmdl_c,models/heroes/clinkz/clinkz_horns.vmdl_c,models/heroes/clinkz/clinkz_pads.vmdl_c
axe	models/heroes/axe/axe.vmdl_c	--dirs 8 --frame 64 --world 128 --fps 12 --max-frames 12 --pixel --anims walk=run,idle=idle,attack=attack@0.12-0.7,death=death	models/heroes/axe/axe_armor.vmdl_c,models/heroes/axe/axe_belt.vmdl_c,models/heroes/axe/axe_hair.vmdl_c,models/heroes/axe/axe_ponytail.vmdl_c,models/heroes/axe/axe_weapon.vmdl_c
crystal_maiden	models/heroes/crystal_maiden/crystal_maiden.vmdl_c	--dirs 8 --frame 64 --world 128 --fps 12 --max-frames 12 --pixel --anims walk=run,idle=idle,attack=attack@0.12-0.7,death=death	models/heroes/crystal_maiden/crystal_maiden_cape.vmdl_c,models/heroes/crystal_maiden/crystal_maiden_cuffs.vmdl_c,models/heroes/crystal_maiden/crystal_maiden_shoulders.vmdl_c,models/heroes/crystal_maiden/crystal_maiden_staff.vmdl_c,models/heroes/crystal_maiden/head_item.vmdl_c
sniper	models/heroes/sniper/sniper.vmdl_c	--dirs 8 --frame 64 --world 128 --fps 12 --max-frames 12 --pixel --anims walk=run,idle=idle,attack=attack@0.12-0.7,death=death	models/heroes/sniper/bracer.vmdl_c,models/heroes/sniper/cape.vmdl_c,models/heroes/sniper/headitem.vmdl_c,models/heroes/sniper/shoulder.vmdl_c,models/heroes/sniper/weapon.vmdl_c
zeus	models/heroes/zeus/zeus.vmdl_c	--dirs 8 --frame 64 --world 128 --fps 12 --max-frames 12 --pixel --anims walk=run,idle=idle,attack=attack@0.12-0.7,death=death	models/heroes/zeus/zeus_belt.vmdl_c,models/heroes/zeus/zeus_bracers.vmdl_c,models/heroes/zeus/zeus_hair.vmdl_c,models/heroes/zeus/zeus_sigil.vmdl_c,models/heroes/zeus/zeus_vest.vmdl_c
hawk	models/heroes/beastmaster/beastmaster_bird.vmdl_c	--dirs 4 --frame 48 --fps 10 --max-frames 8 --world 96 --pixel --light 1.3 --anims walk=run,idle=idle,attack=attack@0.1-0.75,death=death
wolf	models/heroes/lycan/lycan_wolf.vmdl_c	--dirs 4 --frame 48 --fps 10 --max-frames 8 --world 96 --pixel --light 1.3 --anims walk=run,idle=idle,attack=attack@0.1-0.75,death=death
bear	models/heroes/lone_druid/spirit_bear.vmdl_c	--dirs 4 --frame 64 --fps 10 --max-frames 8 --world 128 --pixel --light 1.3 --anims walk=run,idle=idle,attack=attack@0.1-0.75,death=death
shadow_fiend@arcana	models/heroes/shadow_fiend/shadow_fiend_arcana.vmdl_c	--dirs 8 --frame 64 --fps 12 --max-frames 12 --world 128 --pixel --light 1.7 --anims walk=run,idle=idle,attack=attack@0.12-0.7,death=death	models/heroes/shadow_fiend/arcana_wings.vmdl_c,models/heroes/shadow_fiend/shadow_fiend_arcana_arms.vmdl_c,models/heroes/shadow_fiend/shadow_fiend_arcana_head.vmdl_c,models/heroes/shadow_fiend/shadow_fiend_arcana_shoulders.vmdl_c
anti_mage@wei	models/heroes/antimage_female/antimage_female.vmdl_c	--dirs 8 --frame 64 --fps 12 --max-frames 12 --world 128 --pixel --anims walk=run,idle=idle,attack=attack@0.12-0.7,death=death	models/heroes/antimage_female/antimage_female_clothing.vmdl_c,models/heroes/antimage_female/antimage_female_hair.vmdl_c,models/heroes/antimage_female/antimage_female_offhand.vmdl_c,models/heroes/antimage_female/antimage_female_weapon.vmdl_c
juggernaut@arcana	models/heroes/juggernaut/juggernaut_arcana.vmdl_c	--dirs 8 --frame 64 --fps 12 --max-frames 12 --world 128 --pixel --anims walk=run_run,idle=idle,attack=attack@0.12-0.7,death=death,spin=attack_spin	models/heroes/juggernaut/juggernaut_pants.vmdl_c,models/heroes/juggernaut/jugg_mask.vmdl_c,models/heroes/juggernaut/jugg_sword.vmdl_c,models/heroes/juggernaut/jugg_bracers.vmdl_c,models/heroes/juggernaut/jugg_cape.vmdl_c
