# Слои частей (T13.80): id `<hero>+body` и `<hero>+<источник>.<слот>`; листы собирает dota_part_layers.mts (разница рендеров одного кадрирования), не dota_pipeline.sh напрямую. Колонки как в основном манифесте.
juggernaut+body	models/heroes/juggernaut/juggernaut.vmdl_c	--dirs 8 --frame 80 --world 160 --margin 1.4 --fps 12 --max-frames 12 --pixel --anims cast=cast@0-0.75,walk=run_run,idle=idle,attack=attack@0.12-0.7,death=death,spin=attack_spin	
juggernaut+base.legs	models/heroes/juggernaut/juggernaut.vmdl_c	--dirs 8 --frame 80 --world 160 --margin 1.4 --fps 12 --max-frames 12 --pixel --anims cast=cast@0-0.75,walk=run_run,idle=idle,attack=attack@0.12-0.7,death=death,spin=attack_spin	models/heroes/juggernaut/juggernaut_pants.vmdl_c
juggernaut+base.head	models/heroes/juggernaut/juggernaut.vmdl_c	--dirs 8 --frame 80 --world 160 --margin 1.4 --fps 12 --max-frames 12 --pixel --anims cast=cast@0-0.75,walk=run_run,idle=idle,attack=attack@0.12-0.7,death=death,spin=attack_spin	models/heroes/juggernaut/jugg_mask.vmdl_c
juggernaut+base.weapon	models/heroes/juggernaut/juggernaut.vmdl_c	--dirs 8 --frame 80 --world 160 --margin 1.4 --fps 12 --max-frames 12 --pixel --anims cast=cast@0-0.75,walk=run_run,idle=idle,attack=attack@0.12-0.7,death=death,spin=attack_spin	models/heroes/juggernaut/jugg_sword.vmdl_c
juggernaut+base.arms	models/heroes/juggernaut/juggernaut.vmdl_c	--dirs 8 --frame 80 --world 160 --margin 1.4 --fps 12 --max-frames 12 --pixel --anims cast=cast@0-0.75,walk=run_run,idle=idle,attack=attack@0.12-0.7,death=death,spin=attack_spin	models/heroes/juggernaut/jugg_bracers.vmdl_c
juggernaut+base.back	models/heroes/juggernaut/juggernaut.vmdl_c	--dirs 8 --frame 80 --world 160 --margin 1.4 --fps 12 --max-frames 12 --pixel --anims cast=cast@0-0.75,walk=run_run,idle=idle,attack=attack@0.12-0.7,death=death,spin=attack_spin	models/heroes/juggernaut/jugg_cape.vmdl_c
juggernaut+bladesrunner.arms	models/heroes/juggernaut/juggernaut.vmdl_c	--dirs 8 --frame 80 --world 160 --margin 1.4 --fps 12 --max-frames 12 --pixel --anims cast=cast@0-0.75,walk=run_run,idle=idle,attack=attack@0.12-0.7,death=death,spin=attack_spin	models/items/juggernaut/bladesrunner_arms/bladesrunner_arms.vmdl_c
juggernaut+bladesrunner.back	models/heroes/juggernaut/juggernaut.vmdl_c	--dirs 8 --frame 80 --world 160 --margin 1.4 --fps 12 --max-frames 12 --pixel --anims cast=cast@0-0.75,walk=run_run,idle=idle,attack=attack@0.12-0.7,death=death,spin=attack_spin	models/items/juggernaut/bladesrunner_back/bladesrunner_back.vmdl_c
juggernaut+bladesrunner.head	models/heroes/juggernaut/juggernaut.vmdl_c	--dirs 8 --frame 80 --world 160 --margin 1.4 --fps 12 --max-frames 12 --pixel --anims cast=cast@0-0.75,walk=run_run,idle=idle,attack=attack@0.12-0.7,death=death,spin=attack_spin	models/items/juggernaut/bladesrunner_head/bladesrunner_head.vmdl_c
juggernaut+bladesrunner.legs	models/heroes/juggernaut/juggernaut.vmdl_c	--dirs 8 --frame 80 --world 160 --margin 1.4 --fps 12 --max-frames 12 --pixel --anims cast=cast@0-0.75,walk=run_run,idle=idle,attack=attack@0.12-0.7,death=death,spin=attack_spin	models/items/juggernaut/bladesrunner_legs/bladesrunner_legs.vmdl_c
juggernaut+bladesrunner.weapon	models/heroes/juggernaut/juggernaut.vmdl_c	--dirs 8 --frame 80 --world 160 --margin 1.4 --fps 12 --max-frames 12 --pixel --anims cast=cast@0-0.75,walk=run_run,idle=idle,attack=attack@0.12-0.7,death=death,spin=attack_spin	models/items/juggernaut/bladesrunner_weapon/bladesrunner_weapon.vmdl_c
phantom_assassin+body	models/heroes/phantom_assassin/phantom_assassin.vmdl_c	--dirs 8 --frame 80 --world 160 --margin 1.4 --fps 12 --max-frames 12 --pixel --light 1.4 --anims cast=cast@0-0.75,walk=run,idle=idle,attack=attack@0.12-0.7,death=death	
phantom_assassin+base.back	models/heroes/phantom_assassin/phantom_assassin.vmdl_c	--dirs 8 --frame 80 --world 160 --margin 1.4 --fps 12 --max-frames 12 --pixel --light 1.4 --anims cast=cast@0-0.75,walk=run,idle=idle,attack=attack@0.12-0.7,death=death	models/heroes/phantom_assassin/phantom_assassin_cape.vmdl_c
phantom_assassin+base.weapon	models/heroes/phantom_assassin/phantom_assassin.vmdl_c	--dirs 8 --frame 80 --world 160 --margin 1.4 --fps 12 --max-frames 12 --pixel --light 1.4 --anims cast=cast@0-0.75,walk=run,idle=idle,attack=attack@0.12-0.7,death=death	models/heroes/phantom_assassin/phantom_assassin_weapon.vmdl_c
phantom_assassin+base.head	models/heroes/phantom_assassin/phantom_assassin.vmdl_c	--dirs 8 --frame 80 --world 160 --margin 1.4 --fps 12 --max-frames 12 --pixel --light 1.4 --anims cast=cast@0-0.75,walk=run,idle=idle,attack=attack@0.12-0.7,death=death	models/heroes/phantom_assassin/phantom_assassin_helmet.vmdl_c
phantom_assassin+base.shoulder	models/heroes/phantom_assassin/phantom_assassin.vmdl_c	--dirs 8 --frame 80 --world 160 --margin 1.4 --fps 12 --max-frames 12 --pixel --light 1.4 --anims cast=cast@0-0.75,walk=run,idle=idle,attack=attack@0.12-0.7,death=death	models/heroes/phantom_assassin/phantom_assassin_shoulders.vmdl_c
phantom_assassin+darkfeather.back	models/heroes/phantom_assassin/phantom_assassin.vmdl_c	--dirs 8 --frame 80 --world 160 --margin 1.4 --fps 12 --max-frames 12 --pixel --light 1.4 --anims cast=cast@0-0.75,walk=run,idle=idle,attack=attack@0.12-0.7,death=death	models/items/phantom_assassin/assassination_of_dark_feather_back/assassination_of_dark_feather_back.vmdl_c
phantom_assassin+darkfeather.belt	models/heroes/phantom_assassin/phantom_assassin.vmdl_c	--dirs 8 --frame 80 --world 160 --margin 1.4 --fps 12 --max-frames 12 --pixel --light 1.4 --anims cast=cast@0-0.75,walk=run,idle=idle,attack=attack@0.12-0.7,death=death	models/items/phantom_assassin/assassination_of_dark_feather_belt/assassination_of_dark_feather_belt.vmdl_c
phantom_assassin+darkfeather.head	models/heroes/phantom_assassin/phantom_assassin.vmdl_c	--dirs 8 --frame 80 --world 160 --margin 1.4 --fps 12 --max-frames 12 --pixel --light 1.4 --anims cast=cast@0-0.75,walk=run,idle=idle,attack=attack@0.12-0.7,death=death	models/items/phantom_assassin/assassination_of_dark_feather_head/assassination_of_dark_feather_head.vmdl_c
phantom_assassin+darkfeather.shoulder	models/heroes/phantom_assassin/phantom_assassin.vmdl_c	--dirs 8 --frame 80 --world 160 --margin 1.4 --fps 12 --max-frames 12 --pixel --light 1.4 --anims cast=cast@0-0.75,walk=run,idle=idle,attack=attack@0.12-0.7,death=death	models/items/phantom_assassin/assassination_of_dark_feather_shoulder/assassination_of_dark_feather_shoulder.vmdl_c
phantom_assassin+darkfeather.weapon	models/heroes/phantom_assassin/phantom_assassin.vmdl_c	--dirs 8 --frame 80 --world 160 --margin 1.4 --fps 12 --max-frames 12 --pixel --light 1.4 --anims cast=cast@0-0.75,walk=run,idle=idle,attack=attack@0.12-0.7,death=death	models/items/phantom_assassin/assassination_of_dark_feather_weapon/assassination_of_dark_feather_weapon.vmdl_c
lina+body	models/heroes/lina/lina.vmdl_c	--dirs 8 --frame 80 --world 160 --margin 1.4 --fps 12 --max-frames 12 --pixel --anims cast=cast@0-0.75,walk=run,idle=idle,attack=attack@0.12-0.7,death=death	
lina+base.arms	models/heroes/lina/lina.vmdl_c	--dirs 8 --frame 80 --world 160 --margin 1.4 --fps 12 --max-frames 12 --pixel --anims cast=cast@0-0.75,walk=run,idle=idle,attack=attack@0.12-0.7,death=death	models/heroes/lina/lina_arms.vmdl_c
lina+base.belt	models/heroes/lina/lina.vmdl_c	--dirs 8 --frame 80 --world 160 --margin 1.4 --fps 12 --max-frames 12 --pixel --anims cast=cast@0-0.75,walk=run,idle=idle,attack=attack@0.12-0.7,death=death	models/heroes/lina/lina_belt.vmdl_c
lina+base.head	models/heroes/lina/lina.vmdl_c	--dirs 8 --frame 80 --world 160 --margin 1.4 --fps 12 --max-frames 12 --pixel --anims cast=cast@0-0.75,walk=run,idle=idle,attack=attack@0.12-0.7,death=death	models/heroes/lina/lina_head.vmdl_c
lina+base.neck	models/heroes/lina/lina.vmdl_c	--dirs 8 --frame 80 --world 160 --margin 1.4 --fps 12 --max-frames 12 --pixel --anims cast=cast@0-0.75,walk=run,idle=idle,attack=attack@0.12-0.7,death=death	models/heroes/lina/lina_neck.vmdl_c
lina+dragonfire.arms	models/heroes/lina/lina.vmdl_c	--dirs 8 --frame 80 --world 160 --margin 1.4 --fps 12 --max-frames 12 --pixel --anims cast=cast@0-0.75,walk=run,idle=idle,attack=attack@0.12-0.7,death=death	models/items/lina/dragonfire_arms/dragonfire_arms.vmdl_c
lina+dragonfire.belt	models/heroes/lina/lina.vmdl_c	--dirs 8 --frame 80 --world 160 --margin 1.4 --fps 12 --max-frames 12 --pixel --anims cast=cast@0-0.75,walk=run,idle=idle,attack=attack@0.12-0.7,death=death	models/items/lina/dragonfire_belt/dragonfire_belt.vmdl_c
lina+dragonfire.head	models/heroes/lina/lina.vmdl_c	--dirs 8 --frame 80 --world 160 --margin 1.4 --fps 12 --max-frames 12 --pixel --anims cast=cast@0-0.75,walk=run,idle=idle,attack=attack@0.12-0.7,death=death	models/items/lina/dragonfire_hair/dragonfire_hair.vmdl_c
lina+dragonfire.neck	models/heroes/lina/lina.vmdl_c	--dirs 8 --frame 80 --world 160 --margin 1.4 --fps 12 --max-frames 12 --pixel --anims cast=cast@0-0.75,walk=run,idle=idle,attack=attack@0.12-0.7,death=death	models/items/lina/dragonfire_neck/dragonfire_neck.vmdl_c
lina+battle_caster.head	models/heroes/lina/lina.vmdl_c	--dirs 8 --frame 80 --world 160 --margin 1.4 --fps 12 --max-frames 12 --pixel --anims cast=cast@0-0.75,walk=run,idle=idle,attack=attack@0.12-0.7,death=death	models/items/lina/hairoftheslayerr/hairoftheslayerr.vmdl_c
lina+battle_caster.neck	models/heroes/lina/lina.vmdl_c	--dirs 8 --frame 80 --world 160 --margin 1.4 --fps 12 --max-frames 12 --pixel --anims cast=cast@0-0.75,walk=run,idle=idle,attack=attack@0.12-0.7,death=death	models/items/lina/pauldrons_of_the_slayer/pauldrons_of_the_slayer.vmdl_c
lina+battle_caster.belt	models/heroes/lina/lina.vmdl_c	--dirs 8 --frame 80 --world 160 --margin 1.4 --fps 12 --max-frames 12 --pixel --anims cast=cast@0-0.75,walk=run,idle=idle,attack=attack@0.12-0.7,death=death	models/items/lina/skirtoftheslayerz10/skirtoftheslayerz10.vmdl_c
lina+battle_caster.arms	models/heroes/lina/lina.vmdl_c	--dirs 8 --frame 80 --world 160 --margin 1.4 --fps 12 --max-frames 12 --pixel --anims cast=cast@0-0.75,walk=run,idle=idle,attack=attack@0.12-0.7,death=death	models/items/lina/vambracesoftheslayerz1/vambracesoftheslayerz1.vmdl_c
monkey_king+body	models/heroes/monkey_king/monkey_king.vmdl_c	--dirs 8 --frame 80 --world 160 --margin 1.4 --fps 12 --max-frames 12 --pixel --anims cast=cast@0-0.75,walk=run,idle=mk_idle_head_turn|idle,attack=attack@0.12-0.7,death=death	
monkey_king+base.armor	models/heroes/monkey_king/monkey_king.vmdl_c	--dirs 8 --frame 80 --world 160 --margin 1.4 --fps 12 --max-frames 12 --pixel --anims cast=cast@0-0.75,walk=run,idle=mk_idle_head_turn|idle,attack=attack@0.12-0.7,death=death	models/heroes/monkey_king/monkey_king_armor.vmdl_c
monkey_king+base.weapon	models/heroes/monkey_king/monkey_king.vmdl_c	--dirs 8 --frame 80 --world 160 --margin 1.4 --fps 12 --max-frames 12 --pixel --anims cast=cast@0-0.75,walk=run,idle=mk_idle_head_turn|idle,attack=attack@0.12-0.7,death=death	models/heroes/monkey_king/monkey_king_base_weapon.vmdl_c
monkey_king+base.back	models/heroes/monkey_king/monkey_king.vmdl_c	--dirs 8 --frame 80 --world 160 --margin 1.4 --fps 12 --max-frames 12 --pixel --anims cast=cast@0-0.75,walk=run,idle=mk_idle_head_turn|idle,attack=attack@0.12-0.7,death=death	models/heroes/monkey_king/monkey_king_cape.vmdl_c
monkey_king+base.head	models/heroes/monkey_king/monkey_king.vmdl_c	--dirs 8 --frame 80 --world 160 --margin 1.4 --fps 12 --max-frames 12 --pixel --anims cast=cast@0-0.75,walk=run,idle=mk_idle_head_turn|idle,attack=attack@0.12-0.7,death=death	models/heroes/monkey_king/monkey_king_hair.vmdl_c
monkey_king+base.shoulder	models/heroes/monkey_king/monkey_king.vmdl_c	--dirs 8 --frame 80 --world 160 --margin 1.4 --fps 12 --max-frames 12 --pixel --anims cast=cast@0-0.75,walk=run,idle=mk_idle_head_turn|idle,attack=attack@0.12-0.7,death=death	models/heroes/monkey_king/monkey_king_shoulders.vmdl_c
monkey_king+fiery_vajrapani.armor	models/heroes/monkey_king/monkey_king.vmdl_c	--dirs 8 --frame 80 --world 160 --margin 1.4 --fps 12 --max-frames 12 --pixel --anims cast=cast@0-0.75,walk=run,idle=mk_idle_head_turn|idle,attack=attack@0.12-0.7,death=death	models/items/monkey_king/mk_fiery_vajrapani_armor/mk_fiery_vajrapani_armor.vmdl_c
monkey_king+fiery_vajrapani.head	models/heroes/monkey_king/monkey_king.vmdl_c	--dirs 8 --frame 80 --world 160 --margin 1.4 --fps 12 --max-frames 12 --pixel --anims cast=cast@0-0.75,walk=run,idle=mk_idle_head_turn|idle,attack=attack@0.12-0.7,death=death	models/items/monkey_king/mk_fiery_vajrapani_head/mk_fiery_vajrapani_head.vmdl_c
monkey_king+fiery_vajrapani.shoulder	models/heroes/monkey_king/monkey_king.vmdl_c	--dirs 8 --frame 80 --world 160 --margin 1.4 --fps 12 --max-frames 12 --pixel --anims cast=cast@0-0.75,walk=run,idle=mk_idle_head_turn|idle,attack=attack@0.12-0.7,death=death	models/items/monkey_king/mk_fiery_vajrapani_shoulder/mk_fiery_vajrapani_shoulder.vmdl_c
monkey_king+fiery_vajrapani.weapon	models/heroes/monkey_king/monkey_king.vmdl_c	--dirs 8 --frame 80 --world 160 --margin 1.4 --fps 12 --max-frames 12 --pixel --anims cast=cast@0-0.75,walk=run,idle=mk_idle_head_turn|idle,attack=attack@0.12-0.7,death=death	models/items/monkey_king/mk_fiery_vajrapani_weapon/mk_fiery_vajrapani_weapon.vmdl_c
monkey_king+cult_of_the_demon_trickster.armor	models/heroes/monkey_king/monkey_king.vmdl_c	--dirs 8 --frame 80 --world 160 --margin 1.4 --fps 12 --max-frames 12 --pixel --anims cast=cast@0-0.75,walk=run,idle=mk_idle_head_turn|idle,attack=attack@0.12-0.7,death=death	models/items/monkey_king/mk_ti9_immortal_armor/mk_ti9_immortal_armor.vmdl_c
monkey_king+cult_of_the_demon_trickster.head	models/heroes/monkey_king/monkey_king.vmdl_c	--dirs 8 --frame 80 --world 160 --margin 1.4 --fps 12 --max-frames 12 --pixel --anims cast=cast@0-0.75,walk=run,idle=mk_idle_head_turn|idle,attack=attack@0.12-0.7,death=death	models/items/monkey_king/mk_ti9_immortal_head/mk_ti9_immortal_head.vmdl_c
monkey_king+cult_of_the_demon_trickster.shoulder	models/heroes/monkey_king/monkey_king.vmdl_c	--dirs 8 --frame 80 --world 160 --margin 1.4 --fps 12 --max-frames 12 --pixel --anims cast=cast@0-0.75,walk=run,idle=mk_idle_head_turn|idle,attack=attack@0.12-0.7,death=death	models/items/monkey_king/mk_ti9_immortal_shoulder/mk_ti9_immortal_shoulder.vmdl_c
monkey_king+cult_of_the_demon_trickster.weapon	models/heroes/monkey_king/monkey_king.vmdl_c	--dirs 8 --frame 80 --world 160 --margin 1.4 --fps 12 --max-frames 12 --pixel --anims cast=cast@0-0.75,walk=run,idle=mk_idle_head_turn|idle,attack=attack@0.12-0.7,death=death	models/items/monkey_king/mk_ti9_immortal_weapon/mk_ti9_immortal_weapon.vmdl_c
axe+body	models/heroes/axe/axe.vmdl_c	--dirs 8 --frame 80 --world 160 --margin 1.4 --fps 12 --max-frames 12 --pixel --anims cast=cast@0-0.75,walk=run,idle=idle,attack=attack@0.12-0.7,death=death	
axe+base.armor	models/heroes/axe/axe.vmdl_c	--dirs 8 --frame 80 --world 160 --margin 1.4 --fps 12 --max-frames 12 --pixel --anims cast=cast@0-0.75,walk=run,idle=idle,attack=attack@0.12-0.7,death=death	models/heroes/axe/axe_armor.vmdl_c
axe+base.belt	models/heroes/axe/axe.vmdl_c	--dirs 8 --frame 80 --world 160 --margin 1.4 --fps 12 --max-frames 12 --pixel --anims cast=cast@0-0.75,walk=run,idle=idle,attack=attack@0.12-0.7,death=death	models/heroes/axe/axe_belt.vmdl_c
axe+base.head	models/heroes/axe/axe.vmdl_c	--dirs 8 --frame 80 --world 160 --margin 1.4 --fps 12 --max-frames 12 --pixel --anims cast=cast@0-0.75,walk=run,idle=idle,attack=attack@0.12-0.7,death=death	models/heroes/axe/axe_hair.vmdl_c,models/heroes/axe/axe_ponytail.vmdl_c
axe+base.weapon	models/heroes/axe/axe.vmdl_c	--dirs 8 --frame 80 --world 160 --margin 1.4 --fps 12 --max-frames 12 --pixel --anims cast=cast@0-0.75,walk=run,idle=idle,attack=attack@0.12-0.7,death=death	models/heroes/axe/axe_weapon.vmdl_c
axe+blackthorn.armor	models/heroes/axe/axe.vmdl_c	--dirs 8 --frame 80 --world 160 --margin 1.4 --fps 12 --max-frames 12 --pixel --anims cast=cast@0-0.75,walk=run,idle=idle,attack=attack@0.12-0.7,death=death	models/items/axe/axe_blackthorn_armor/axe_blackthorn_armor.vmdl_c
axe+blackthorn.belt	models/heroes/axe/axe.vmdl_c	--dirs 8 --frame 80 --world 160 --margin 1.4 --fps 12 --max-frames 12 --pixel --anims cast=cast@0-0.75,walk=run,idle=idle,attack=attack@0.12-0.7,death=death	models/items/axe/axe_blackthorn_belt/axe_blackthorn_belt.vmdl_c
axe+blackthorn.head	models/heroes/axe/axe.vmdl_c	--dirs 8 --frame 80 --world 160 --margin 1.4 --fps 12 --max-frames 12 --pixel --anims cast=cast@0-0.75,walk=run,idle=idle,attack=attack@0.12-0.7,death=death	models/items/axe/axe_blackthorn_head/axe_blackthorn_head.vmdl_c
axe+blackthorn.misc	models/heroes/axe/axe.vmdl_c	--dirs 8 --frame 80 --world 160 --margin 1.4 --fps 12 --max-frames 12 --pixel --anims cast=cast@0-0.75,walk=run,idle=idle,attack=attack@0.12-0.7,death=death	models/items/axe/axe_blackthorn_misc/axe_blackthorn_misc.vmdl_c
axe+blackthorn.weapon	models/heroes/axe/axe.vmdl_c	--dirs 8 --frame 80 --world 160 --margin 1.4 --fps 12 --max-frames 12 --pixel --anims cast=cast@0-0.75,walk=run,idle=idle,attack=attack@0.12-0.7,death=death	models/items/axe/axe_blackthorn_weapon/axe_blackthorn_weapon.vmdl_c
axe+armor_of_the_wrought_legion.armor	models/heroes/axe/axe.vmdl_c	--dirs 8 --frame 80 --world 160 --margin 1.4 --fps 12 --max-frames 12 --pixel --anims cast=cast@0-0.75,walk=run,idle=idle,attack=attack@0.12-0.7,death=death	models/items/axe/armor_of_the_wrought_legion_armor/armor_of_the_wrought_legion_armor.vmdl_c
axe+armor_of_the_wrought_legion.belt	models/heroes/axe/axe.vmdl_c	--dirs 8 --frame 80 --world 160 --margin 1.4 --fps 12 --max-frames 12 --pixel --anims cast=cast@0-0.75,walk=run,idle=idle,attack=attack@0.12-0.7,death=death	models/items/axe/armor_of_the_wrought_legion_belt/armor_of_the_wrought_legion_belt.vmdl_c
axe+armor_of_the_wrought_legion.head	models/heroes/axe/axe.vmdl_c	--dirs 8 --frame 80 --world 160 --margin 1.4 --fps 12 --max-frames 12 --pixel --anims cast=cast@0-0.75,walk=run,idle=idle,attack=attack@0.12-0.7,death=death	models/items/axe/armor_of_the_wrought_legion_head/armor_of_the_wrought_legion_head.vmdl_c
axe+armor_of_the_wrought_legion.misc	models/heroes/axe/axe.vmdl_c	--dirs 8 --frame 80 --world 160 --margin 1.4 --fps 12 --max-frames 12 --pixel --anims cast=cast@0-0.75,walk=run,idle=idle,attack=attack@0.12-0.7,death=death	models/items/axe/armor_of_the_wrought_legion_misc/armor_of_the_wrought_legion_misc.vmdl_c
axe+armor_of_the_wrought_legion.weapon	models/heroes/axe/axe.vmdl_c	--dirs 8 --frame 80 --world 160 --margin 1.4 --fps 12 --max-frames 12 --pixel --anims cast=cast@0-0.75,walk=run,idle=idle,attack=attack@0.12-0.7,death=death	models/items/axe/armor_of_the_wrought_legion_weapon/armor_of_the_wrought_legion_weapon.vmdl_c
juggernaut@arcana+body	models/heroes/juggernaut/juggernaut_arcana.vmdl_c	--dirs 8 --frame 80 --world 160 --margin 1.4 --fps 12 --max-frames 12 --pixel --anims cast=cast@0-0.75,walk=run_run,idle=idle,attack=attack@0.12-0.7,death=death,spin=attack_spin --drop-mat mask_tail$ --drop-vgroup chain_[3-9] --light 1.5 --autoexpose 0.22 --glow-from-alpha 0.35,1.0,0.9 --glow-mask materials/models/items/juggernaut/arcana --glow-color 0.35,1.0,0.9	
juggernaut@arcana+base.legs	models/heroes/juggernaut/juggernaut_arcana.vmdl_c	--dirs 8 --frame 80 --world 160 --margin 1.4 --fps 12 --max-frames 12 --pixel --anims cast=cast@0-0.75,walk=run_run,idle=idle,attack=attack@0.12-0.7,death=death,spin=attack_spin --drop-mat mask_tail$ --drop-vgroup chain_[3-9] --light 1.5 --autoexpose 0.22 --glow-from-alpha 0.35,1.0,0.9 --glow-mask materials/models/items/juggernaut/arcana --glow-color 0.35,1.0,0.9	models/heroes/juggernaut/juggernaut_pants.vmdl_c
juggernaut@arcana+base.head	models/heroes/juggernaut/juggernaut_arcana.vmdl_c	--dirs 8 --frame 80 --world 160 --margin 1.4 --fps 12 --max-frames 12 --pixel --anims cast=cast@0-0.75,walk=run_run,idle=idle,attack=attack@0.12-0.7,death=death,spin=attack_spin --drop-mat mask_tail$ --drop-vgroup chain_[3-9] --light 1.5 --autoexpose 0.22 --glow-from-alpha 0.35,1.0,0.9 --glow-mask materials/models/items/juggernaut/arcana --glow-color 0.35,1.0,0.9	models/heroes/juggernaut/jugg_mask.vmdl_c
juggernaut@arcana+base.weapon	models/heroes/juggernaut/juggernaut_arcana.vmdl_c	--dirs 8 --frame 80 --world 160 --margin 1.4 --fps 12 --max-frames 12 --pixel --anims cast=cast@0-0.75,walk=run_run,idle=idle,attack=attack@0.12-0.7,death=death,spin=attack_spin --drop-mat mask_tail$ --drop-vgroup chain_[3-9] --light 1.5 --autoexpose 0.22 --glow-from-alpha 0.35,1.0,0.9 --glow-mask materials/models/items/juggernaut/arcana --glow-color 0.35,1.0,0.9	models/heroes/juggernaut/jugg_sword.vmdl_c
juggernaut@arcana+base.arms	models/heroes/juggernaut/juggernaut_arcana.vmdl_c	--dirs 8 --frame 80 --world 160 --margin 1.4 --fps 12 --max-frames 12 --pixel --anims cast=cast@0-0.75,walk=run_run,idle=idle,attack=attack@0.12-0.7,death=death,spin=attack_spin --drop-mat mask_tail$ --drop-vgroup chain_[3-9] --light 1.5 --autoexpose 0.22 --glow-from-alpha 0.35,1.0,0.9 --glow-mask materials/models/items/juggernaut/arcana --glow-color 0.35,1.0,0.9	models/heroes/juggernaut/jugg_bracers.vmdl_c
juggernaut@arcana+base.back	models/heroes/juggernaut/juggernaut_arcana.vmdl_c	--dirs 8 --frame 80 --world 160 --margin 1.4 --fps 12 --max-frames 12 --pixel --anims cast=cast@0-0.75,walk=run_run,idle=idle,attack=attack@0.12-0.7,death=death,spin=attack_spin --drop-mat mask_tail$ --drop-vgroup chain_[3-9] --light 1.5 --autoexpose 0.22 --glow-from-alpha 0.35,1.0,0.9 --glow-mask materials/models/items/juggernaut/arcana --glow-color 0.35,1.0,0.9	models/heroes/juggernaut/jugg_cape.vmdl_c
juggernaut@arcana+arcana.head	models/heroes/juggernaut/juggernaut_arcana.vmdl_c	--dirs 8 --frame 80 --world 160 --margin 1.4 --fps 12 --max-frames 12 --pixel --anims cast=cast@0-0.75,walk=run_run,idle=idle,attack=attack@0.12-0.7,death=death,spin=attack_spin --drop-mat mask_tail$ --drop-vgroup chain_[3-9] --light 1.5 --autoexpose 0.22 --glow-from-alpha 0.35,1.0,0.9 --glow-mask materials/models/items/juggernaut/arcana --glow-color 0.35,1.0,0.9	models/items/juggernaut/arcana/juggernaut_arcana_mask.vmdl_c
juggernaut@arcana+bladesrunner.arms	models/heroes/juggernaut/juggernaut_arcana.vmdl_c	--dirs 8 --frame 80 --world 160 --margin 1.4 --fps 12 --max-frames 12 --pixel --anims cast=cast@0-0.75,walk=run_run,idle=idle,attack=attack@0.12-0.7,death=death,spin=attack_spin --drop-mat mask_tail$ --drop-vgroup chain_[3-9] --light 1.5 --autoexpose 0.22 --glow-from-alpha 0.35,1.0,0.9 --glow-mask materials/models/items/juggernaut/arcana --glow-color 0.35,1.0,0.9	models/items/juggernaut/bladesrunner_arms/bladesrunner_arms.vmdl_c
juggernaut@arcana+bladesrunner.back	models/heroes/juggernaut/juggernaut_arcana.vmdl_c	--dirs 8 --frame 80 --world 160 --margin 1.4 --fps 12 --max-frames 12 --pixel --anims cast=cast@0-0.75,walk=run_run,idle=idle,attack=attack@0.12-0.7,death=death,spin=attack_spin --drop-mat mask_tail$ --drop-vgroup chain_[3-9] --light 1.5 --autoexpose 0.22 --glow-from-alpha 0.35,1.0,0.9 --glow-mask materials/models/items/juggernaut/arcana --glow-color 0.35,1.0,0.9	models/items/juggernaut/bladesrunner_back/bladesrunner_back.vmdl_c
juggernaut@arcana+bladesrunner.head	models/heroes/juggernaut/juggernaut_arcana.vmdl_c	--dirs 8 --frame 80 --world 160 --margin 1.4 --fps 12 --max-frames 12 --pixel --anims cast=cast@0-0.75,walk=run_run,idle=idle,attack=attack@0.12-0.7,death=death,spin=attack_spin --drop-mat mask_tail$ --drop-vgroup chain_[3-9] --light 1.5 --autoexpose 0.22 --glow-from-alpha 0.35,1.0,0.9 --glow-mask materials/models/items/juggernaut/arcana --glow-color 0.35,1.0,0.9	models/items/juggernaut/bladesrunner_head/bladesrunner_head.vmdl_c
juggernaut@arcana+bladesrunner.legs	models/heroes/juggernaut/juggernaut_arcana.vmdl_c	--dirs 8 --frame 80 --world 160 --margin 1.4 --fps 12 --max-frames 12 --pixel --anims cast=cast@0-0.75,walk=run_run,idle=idle,attack=attack@0.12-0.7,death=death,spin=attack_spin --drop-mat mask_tail$ --drop-vgroup chain_[3-9] --light 1.5 --autoexpose 0.22 --glow-from-alpha 0.35,1.0,0.9 --glow-mask materials/models/items/juggernaut/arcana --glow-color 0.35,1.0,0.9	models/items/juggernaut/bladesrunner_legs/bladesrunner_legs.vmdl_c
juggernaut@arcana+bladesrunner.weapon	models/heroes/juggernaut/juggernaut_arcana.vmdl_c	--dirs 8 --frame 80 --world 160 --margin 1.4 --fps 12 --max-frames 12 --pixel --anims cast=cast@0-0.75,walk=run_run,idle=idle,attack=attack@0.12-0.7,death=death,spin=attack_spin --drop-mat mask_tail$ --drop-vgroup chain_[3-9] --light 1.5 --autoexpose 0.22 --glow-from-alpha 0.35,1.0,0.9 --glow-mask materials/models/items/juggernaut/arcana --glow-color 0.35,1.0,0.9	models/items/juggernaut/bladesrunner_weapon/bladesrunner_weapon.vmdl_c
juggernaut@arcana~style1+body	models/heroes/juggernaut/juggernaut_arcana.vmdl_c	--dirs 8 --frame 80 --world 160 --margin 1.4 --fps 12 --max-frames 12 --pixel --anims cast=cast@0-0.75,walk=run_run,idle=idle,attack=attack@0.12-0.7,death=death,spin=attack_spin --drop-mat mask_tail$ --drop-vgroup chain_[3-9] --light 1.5 --autoexpose 0.22 --style v2 --glow-from-alpha 1.0,0.55,0.2 --glow-mask materials/models/items/juggernaut/arcana --glow-color 1.0,0.55,0.2	
juggernaut@arcana~style1+base.legs	models/heroes/juggernaut/juggernaut_arcana.vmdl_c	--dirs 8 --frame 80 --world 160 --margin 1.4 --fps 12 --max-frames 12 --pixel --anims cast=cast@0-0.75,walk=run_run,idle=idle,attack=attack@0.12-0.7,death=death,spin=attack_spin --drop-mat mask_tail$ --drop-vgroup chain_[3-9] --light 1.5 --autoexpose 0.22 --style v2 --glow-from-alpha 1.0,0.55,0.2 --glow-mask materials/models/items/juggernaut/arcana --glow-color 1.0,0.55,0.2	models/heroes/juggernaut/juggernaut_pants.vmdl_c
juggernaut@arcana~style1+base.head	models/heroes/juggernaut/juggernaut_arcana.vmdl_c	--dirs 8 --frame 80 --world 160 --margin 1.4 --fps 12 --max-frames 12 --pixel --anims cast=cast@0-0.75,walk=run_run,idle=idle,attack=attack@0.12-0.7,death=death,spin=attack_spin --drop-mat mask_tail$ --drop-vgroup chain_[3-9] --light 1.5 --autoexpose 0.22 --style v2 --glow-from-alpha 1.0,0.55,0.2 --glow-mask materials/models/items/juggernaut/arcana --glow-color 1.0,0.55,0.2	models/heroes/juggernaut/jugg_mask.vmdl_c
juggernaut@arcana~style1+base.weapon	models/heroes/juggernaut/juggernaut_arcana.vmdl_c	--dirs 8 --frame 80 --world 160 --margin 1.4 --fps 12 --max-frames 12 --pixel --anims cast=cast@0-0.75,walk=run_run,idle=idle,attack=attack@0.12-0.7,death=death,spin=attack_spin --drop-mat mask_tail$ --drop-vgroup chain_[3-9] --light 1.5 --autoexpose 0.22 --style v2 --glow-from-alpha 1.0,0.55,0.2 --glow-mask materials/models/items/juggernaut/arcana --glow-color 1.0,0.55,0.2	models/heroes/juggernaut/jugg_sword.vmdl_c
juggernaut@arcana~style1+base.arms	models/heroes/juggernaut/juggernaut_arcana.vmdl_c	--dirs 8 --frame 80 --world 160 --margin 1.4 --fps 12 --max-frames 12 --pixel --anims cast=cast@0-0.75,walk=run_run,idle=idle,attack=attack@0.12-0.7,death=death,spin=attack_spin --drop-mat mask_tail$ --drop-vgroup chain_[3-9] --light 1.5 --autoexpose 0.22 --style v2 --glow-from-alpha 1.0,0.55,0.2 --glow-mask materials/models/items/juggernaut/arcana --glow-color 1.0,0.55,0.2	models/heroes/juggernaut/jugg_bracers.vmdl_c
juggernaut@arcana~style1+base.back	models/heroes/juggernaut/juggernaut_arcana.vmdl_c	--dirs 8 --frame 80 --world 160 --margin 1.4 --fps 12 --max-frames 12 --pixel --anims cast=cast@0-0.75,walk=run_run,idle=idle,attack=attack@0.12-0.7,death=death,spin=attack_spin --drop-mat mask_tail$ --drop-vgroup chain_[3-9] --light 1.5 --autoexpose 0.22 --style v2 --glow-from-alpha 1.0,0.55,0.2 --glow-mask materials/models/items/juggernaut/arcana --glow-color 1.0,0.55,0.2	models/heroes/juggernaut/jugg_cape.vmdl_c
juggernaut@arcana~style1+arcana.head	models/heroes/juggernaut/juggernaut_arcana.vmdl_c	--dirs 8 --frame 80 --world 160 --margin 1.4 --fps 12 --max-frames 12 --pixel --anims cast=cast@0-0.75,walk=run_run,idle=idle,attack=attack@0.12-0.7,death=death,spin=attack_spin --drop-mat mask_tail$ --drop-vgroup chain_[3-9] --light 1.5 --autoexpose 0.22 --style v2 --glow-from-alpha 1.0,0.55,0.2 --glow-mask materials/models/items/juggernaut/arcana --glow-color 1.0,0.55,0.2	models/items/juggernaut/arcana/juggernaut_arcana_mask.vmdl_c
juggernaut@arcana~style1+bladesrunner.arms	models/heroes/juggernaut/juggernaut_arcana.vmdl_c	--dirs 8 --frame 80 --world 160 --margin 1.4 --fps 12 --max-frames 12 --pixel --anims cast=cast@0-0.75,walk=run_run,idle=idle,attack=attack@0.12-0.7,death=death,spin=attack_spin --drop-mat mask_tail$ --drop-vgroup chain_[3-9] --light 1.5 --autoexpose 0.22 --style v2 --glow-from-alpha 1.0,0.55,0.2 --glow-mask materials/models/items/juggernaut/arcana --glow-color 1.0,0.55,0.2	models/items/juggernaut/bladesrunner_arms/bladesrunner_arms.vmdl_c
juggernaut@arcana~style1+bladesrunner.back	models/heroes/juggernaut/juggernaut_arcana.vmdl_c	--dirs 8 --frame 80 --world 160 --margin 1.4 --fps 12 --max-frames 12 --pixel --anims cast=cast@0-0.75,walk=run_run,idle=idle,attack=attack@0.12-0.7,death=death,spin=attack_spin --drop-mat mask_tail$ --drop-vgroup chain_[3-9] --light 1.5 --autoexpose 0.22 --style v2 --glow-from-alpha 1.0,0.55,0.2 --glow-mask materials/models/items/juggernaut/arcana --glow-color 1.0,0.55,0.2	models/items/juggernaut/bladesrunner_back/bladesrunner_back.vmdl_c
juggernaut@arcana~style1+bladesrunner.head	models/heroes/juggernaut/juggernaut_arcana.vmdl_c	--dirs 8 --frame 80 --world 160 --margin 1.4 --fps 12 --max-frames 12 --pixel --anims cast=cast@0-0.75,walk=run_run,idle=idle,attack=attack@0.12-0.7,death=death,spin=attack_spin --drop-mat mask_tail$ --drop-vgroup chain_[3-9] --light 1.5 --autoexpose 0.22 --style v2 --glow-from-alpha 1.0,0.55,0.2 --glow-mask materials/models/items/juggernaut/arcana --glow-color 1.0,0.55,0.2	models/items/juggernaut/bladesrunner_head/bladesrunner_head.vmdl_c
juggernaut@arcana~style1+bladesrunner.legs	models/heroes/juggernaut/juggernaut_arcana.vmdl_c	--dirs 8 --frame 80 --world 160 --margin 1.4 --fps 12 --max-frames 12 --pixel --anims cast=cast@0-0.75,walk=run_run,idle=idle,attack=attack@0.12-0.7,death=death,spin=attack_spin --drop-mat mask_tail$ --drop-vgroup chain_[3-9] --light 1.5 --autoexpose 0.22 --style v2 --glow-from-alpha 1.0,0.55,0.2 --glow-mask materials/models/items/juggernaut/arcana --glow-color 1.0,0.55,0.2	models/items/juggernaut/bladesrunner_legs/bladesrunner_legs.vmdl_c
juggernaut@arcana~style1+bladesrunner.weapon	models/heroes/juggernaut/juggernaut_arcana.vmdl_c	--dirs 8 --frame 80 --world 160 --margin 1.4 --fps 12 --max-frames 12 --pixel --anims cast=cast@0-0.75,walk=run_run,idle=idle,attack=attack@0.12-0.7,death=death,spin=attack_spin --drop-mat mask_tail$ --drop-vgroup chain_[3-9] --light 1.5 --autoexpose 0.22 --style v2 --glow-from-alpha 1.0,0.55,0.2 --glow-mask materials/models/items/juggernaut/arcana --glow-color 1.0,0.55,0.2	models/items/juggernaut/bladesrunner_weapon/bladesrunner_weapon.vmdl_c
phantom_assassin+base.belt	models/heroes/phantom_assassin/phantom_assassin.vmdl_c	--dirs 8 --frame 80 --world 160 --margin 1.4 --fps 12 --max-frames 12 --pixel --light 1.4 --anims cast=cast@0-0.75,walk=run,idle=idle,attack=attack@0.12-0.7,death=death	models/heroes/phantom_assassin/phantom_assassin_daggers.vmdl_c
lina@arcana+body	models/heroes/lina/lina.vmdl_c	--dirs 8 --frame 80 --world 160 --margin 1.4 --fps 12 --max-frames 12 --pixel --anims cast=cast@0-0.75,walk=run,idle=idle,attack=attack@0.12-0.7,death=death --style flamehair	
lina@arcana+base.arms	models/heroes/lina/lina.vmdl_c	--dirs 8 --frame 80 --world 160 --margin 1.4 --fps 12 --max-frames 12 --pixel --anims cast=cast@0-0.75,walk=run,idle=idle,attack=attack@0.12-0.7,death=death --style flamehair	models/heroes/lina/lina_arms.vmdl_c
lina@arcana+base.belt	models/heroes/lina/lina.vmdl_c	--dirs 8 --frame 80 --world 160 --margin 1.4 --fps 12 --max-frames 12 --pixel --anims cast=cast@0-0.75,walk=run,idle=idle,attack=attack@0.12-0.7,death=death --style flamehair	models/heroes/lina/lina_belt.vmdl_c
lina@arcana+base.head	models/heroes/lina/lina.vmdl_c	--dirs 8 --frame 80 --world 160 --margin 1.4 --fps 12 --max-frames 12 --pixel --anims cast=cast@0-0.75,walk=run,idle=idle,attack=attack@0.12-0.7,death=death --style flamehair	models/heroes/lina/lina_head.vmdl_c
lina@arcana+base.neck	models/heroes/lina/lina.vmdl_c	--dirs 8 --frame 80 --world 160 --margin 1.4 --fps 12 --max-frames 12 --pixel --anims cast=cast@0-0.75,walk=run,idle=idle,attack=attack@0.12-0.7,death=death --style flamehair	models/heroes/lina/lina_neck.vmdl_c
lina@arcana+arcana.head	models/heroes/lina/lina.vmdl_c	--dirs 8 --frame 80 --world 160 --margin 1.4 --fps 12 --max-frames 12 --pixel --anims cast=cast@0-0.75,walk=run,idle=idle,attack=attack@0.12-0.7,death=death --style flamehair	models/items/lina/origins_flamehair/origins_flamehair.vmdl_c
lina@arcana+dragonfire.arms	models/heroes/lina/lina.vmdl_c	--dirs 8 --frame 80 --world 160 --margin 1.4 --fps 12 --max-frames 12 --pixel --anims cast=cast@0-0.75,walk=run,idle=idle,attack=attack@0.12-0.7,death=death --style flamehair	models/items/lina/dragonfire_arms/dragonfire_arms.vmdl_c
lina@arcana+dragonfire.belt	models/heroes/lina/lina.vmdl_c	--dirs 8 --frame 80 --world 160 --margin 1.4 --fps 12 --max-frames 12 --pixel --anims cast=cast@0-0.75,walk=run,idle=idle,attack=attack@0.12-0.7,death=death --style flamehair	models/items/lina/dragonfire_belt/dragonfire_belt.vmdl_c
lina@arcana+dragonfire.head	models/heroes/lina/lina.vmdl_c	--dirs 8 --frame 80 --world 160 --margin 1.4 --fps 12 --max-frames 12 --pixel --anims cast=cast@0-0.75,walk=run,idle=idle,attack=attack@0.12-0.7,death=death --style flamehair	models/items/lina/dragonfire_hair/dragonfire_hair.vmdl_c
lina@arcana+dragonfire.neck	models/heroes/lina/lina.vmdl_c	--dirs 8 --frame 80 --world 160 --margin 1.4 --fps 12 --max-frames 12 --pixel --anims cast=cast@0-0.75,walk=run,idle=idle,attack=attack@0.12-0.7,death=death --style flamehair	models/items/lina/dragonfire_neck/dragonfire_neck.vmdl_c
lina@arcana+battle_caster.head	models/heroes/lina/lina.vmdl_c	--dirs 8 --frame 80 --world 160 --margin 1.4 --fps 12 --max-frames 12 --pixel --anims cast=cast@0-0.75,walk=run,idle=idle,attack=attack@0.12-0.7,death=death --style flamehair	models/items/lina/hairoftheslayerr/hairoftheslayerr.vmdl_c
lina@arcana+battle_caster.neck	models/heroes/lina/lina.vmdl_c	--dirs 8 --frame 80 --world 160 --margin 1.4 --fps 12 --max-frames 12 --pixel --anims cast=cast@0-0.75,walk=run,idle=idle,attack=attack@0.12-0.7,death=death --style flamehair	models/items/lina/pauldrons_of_the_slayer/pauldrons_of_the_slayer.vmdl_c
lina@arcana+battle_caster.belt	models/heroes/lina/lina.vmdl_c	--dirs 8 --frame 80 --world 160 --margin 1.4 --fps 12 --max-frames 12 --pixel --anims cast=cast@0-0.75,walk=run,idle=idle,attack=attack@0.12-0.7,death=death --style flamehair	models/items/lina/skirtoftheslayerz10/skirtoftheslayerz10.vmdl_c
lina@arcana+battle_caster.arms	models/heroes/lina/lina.vmdl_c	--dirs 8 --frame 80 --world 160 --margin 1.4 --fps 12 --max-frames 12 --pixel --anims cast=cast@0-0.75,walk=run,idle=idle,attack=attack@0.12-0.7,death=death --style flamehair	models/items/lina/vambracesoftheslayerz1/vambracesoftheslayerz1.vmdl_c
monkey_king@arcana+body	models/heroes/monkey_king/monkey_king.vmdl_c	--dirs 8 --frame 80 --world 160 --margin 1.4 --fps 12 --max-frames 12 --pixel --anims cast=cast@0-0.75,walk=run,idle=mk_idle_head_turn|idle,attack=attack@0.12-0.7,death=death --style arcana	
monkey_king@arcana+base.armor	models/heroes/monkey_king/monkey_king.vmdl_c	--dirs 8 --frame 80 --world 160 --margin 1.4 --fps 12 --max-frames 12 --pixel --anims cast=cast@0-0.75,walk=run,idle=mk_idle_head_turn|idle,attack=attack@0.12-0.7,death=death --style arcana	models/heroes/monkey_king/monkey_king_armor.vmdl_c
monkey_king@arcana+base.weapon	models/heroes/monkey_king/monkey_king.vmdl_c	--dirs 8 --frame 80 --world 160 --margin 1.4 --fps 12 --max-frames 12 --pixel --anims cast=cast@0-0.75,walk=run,idle=mk_idle_head_turn|idle,attack=attack@0.12-0.7,death=death --style arcana	models/heroes/monkey_king/monkey_king_base_weapon.vmdl_c
monkey_king@arcana+base.back	models/heroes/monkey_king/monkey_king.vmdl_c	--dirs 8 --frame 80 --world 160 --margin 1.4 --fps 12 --max-frames 12 --pixel --anims cast=cast@0-0.75,walk=run,idle=mk_idle_head_turn|idle,attack=attack@0.12-0.7,death=death --style arcana	models/heroes/monkey_king/monkey_king_cape.vmdl_c
monkey_king@arcana+base.head	models/heroes/monkey_king/monkey_king.vmdl_c	--dirs 8 --frame 80 --world 160 --margin 1.4 --fps 12 --max-frames 12 --pixel --anims cast=cast@0-0.75,walk=run,idle=mk_idle_head_turn|idle,attack=attack@0.12-0.7,death=death --style arcana	models/heroes/monkey_king/monkey_king_hair.vmdl_c
monkey_king@arcana+base.shoulder	models/heroes/monkey_king/monkey_king.vmdl_c	--dirs 8 --frame 80 --world 160 --margin 1.4 --fps 12 --max-frames 12 --pixel --anims cast=cast@0-0.75,walk=run,idle=mk_idle_head_turn|idle,attack=attack@0.12-0.7,death=death --style arcana	models/heroes/monkey_king/monkey_king_shoulders.vmdl_c
monkey_king@arcana+arcana.head	models/heroes/monkey_king/monkey_king.vmdl_c	--dirs 8 --frame 80 --world 160 --margin 1.4 --fps 12 --max-frames 12 --pixel --anims cast=cast@0-0.75,walk=run,idle=mk_idle_head_turn|idle,attack=attack@0.12-0.7,death=death --style arcana	models/items/monkey_king/monkey_king_arcana_head/mesh/monkey_king_arcana.vmdl_c
monkey_king@arcana+fiery_vajrapani.armor	models/heroes/monkey_king/monkey_king.vmdl_c	--dirs 8 --frame 80 --world 160 --margin 1.4 --fps 12 --max-frames 12 --pixel --anims cast=cast@0-0.75,walk=run,idle=mk_idle_head_turn|idle,attack=attack@0.12-0.7,death=death --style arcana	models/items/monkey_king/mk_fiery_vajrapani_armor/mk_fiery_vajrapani_armor.vmdl_c
monkey_king@arcana+fiery_vajrapani.head	models/heroes/monkey_king/monkey_king.vmdl_c	--dirs 8 --frame 80 --world 160 --margin 1.4 --fps 12 --max-frames 12 --pixel --anims cast=cast@0-0.75,walk=run,idle=mk_idle_head_turn|idle,attack=attack@0.12-0.7,death=death --style arcana	models/items/monkey_king/mk_fiery_vajrapani_head/mk_fiery_vajrapani_head.vmdl_c
monkey_king@arcana+fiery_vajrapani.shoulder	models/heroes/monkey_king/monkey_king.vmdl_c	--dirs 8 --frame 80 --world 160 --margin 1.4 --fps 12 --max-frames 12 --pixel --anims cast=cast@0-0.75,walk=run,idle=mk_idle_head_turn|idle,attack=attack@0.12-0.7,death=death --style arcana	models/items/monkey_king/mk_fiery_vajrapani_shoulder/mk_fiery_vajrapani_shoulder.vmdl_c
monkey_king@arcana+fiery_vajrapani.weapon	models/heroes/monkey_king/monkey_king.vmdl_c	--dirs 8 --frame 80 --world 160 --margin 1.4 --fps 12 --max-frames 12 --pixel --anims cast=cast@0-0.75,walk=run,idle=mk_idle_head_turn|idle,attack=attack@0.12-0.7,death=death --style arcana	models/items/monkey_king/mk_fiery_vajrapani_weapon/mk_fiery_vajrapani_weapon.vmdl_c
monkey_king@arcana+cult_of_the_demon_trickster.armor	models/heroes/monkey_king/monkey_king.vmdl_c	--dirs 8 --frame 80 --world 160 --margin 1.4 --fps 12 --max-frames 12 --pixel --anims cast=cast@0-0.75,walk=run,idle=mk_idle_head_turn|idle,attack=attack@0.12-0.7,death=death --style arcana	models/items/monkey_king/mk_ti9_immortal_armor/mk_ti9_immortal_arcana_armor.vmdl_c
monkey_king@arcana+cult_of_the_demon_trickster.head	models/heroes/monkey_king/monkey_king.vmdl_c	--dirs 8 --frame 80 --world 160 --margin 1.4 --fps 12 --max-frames 12 --pixel --anims cast=cast@0-0.75,walk=run,idle=mk_idle_head_turn|idle,attack=attack@0.12-0.7,death=death --style arcana	models/items/monkey_king/mk_ti9_immortal_head/mk_ti9_immortal_arcana_head.vmdl_c
monkey_king@arcana+cult_of_the_demon_trickster.shoulder	models/heroes/monkey_king/monkey_king.vmdl_c	--dirs 8 --frame 80 --world 160 --margin 1.4 --fps 12 --max-frames 12 --pixel --anims cast=cast@0-0.75,walk=run,idle=mk_idle_head_turn|idle,attack=attack@0.12-0.7,death=death --style arcana	models/items/monkey_king/mk_ti9_immortal_shoulder/mk_ti9_immortal_arcana_shoulder.vmdl_c
monkey_king@arcana+cult_of_the_demon_trickster.weapon	models/heroes/monkey_king/monkey_king.vmdl_c	--dirs 8 --frame 80 --world 160 --margin 1.4 --fps 12 --max-frames 12 --pixel --anims cast=cast@0-0.75,walk=run,idle=mk_idle_head_turn|idle,attack=attack@0.12-0.7,death=death --style arcana	models/items/monkey_king/mk_ti9_immortal_weapon/mk_ti9_immortal_arcana_weapon.vmdl_c
monkey_king@arcana~style1+body	models/heroes/monkey_king/monkey_king.vmdl_c	--dirs 8 --frame 80 --world 160 --margin 1.4 --fps 12 --max-frames 12 --pixel --anims cast=cast@0-0.75,walk=run,idle=mk_idle_head_turn|idle,attack=attack@0.12-0.7,death=death --style style1 --fix-tex materials/models/heroes/monkey_king/ --mat-map monkey_king=monkey_king_arcana	
monkey_king@arcana~style1+base.armor	models/heroes/monkey_king/monkey_king.vmdl_c	--dirs 8 --frame 80 --world 160 --margin 1.4 --fps 12 --max-frames 12 --pixel --anims cast=cast@0-0.75,walk=run,idle=mk_idle_head_turn|idle,attack=attack@0.12-0.7,death=death --style style1 --fix-tex materials/models/heroes/monkey_king/ --mat-map monkey_king=monkey_king_arcana	models/heroes/monkey_king/monkey_king_armor.vmdl_c
monkey_king@arcana~style1+base.weapon	models/heroes/monkey_king/monkey_king.vmdl_c	--dirs 8 --frame 80 --world 160 --margin 1.4 --fps 12 --max-frames 12 --pixel --anims cast=cast@0-0.75,walk=run,idle=mk_idle_head_turn|idle,attack=attack@0.12-0.7,death=death --style style1 --fix-tex materials/models/heroes/monkey_king/ --mat-map monkey_king=monkey_king_arcana	models/heroes/monkey_king/monkey_king_base_weapon.vmdl_c
monkey_king@arcana~style1+base.back	models/heroes/monkey_king/monkey_king.vmdl_c	--dirs 8 --frame 80 --world 160 --margin 1.4 --fps 12 --max-frames 12 --pixel --anims cast=cast@0-0.75,walk=run,idle=mk_idle_head_turn|idle,attack=attack@0.12-0.7,death=death --style style1 --fix-tex materials/models/heroes/monkey_king/ --mat-map monkey_king=monkey_king_arcana	models/heroes/monkey_king/monkey_king_cape.vmdl_c
monkey_king@arcana~style1+base.head	models/heroes/monkey_king/monkey_king.vmdl_c	--dirs 8 --frame 80 --world 160 --margin 1.4 --fps 12 --max-frames 12 --pixel --anims cast=cast@0-0.75,walk=run,idle=mk_idle_head_turn|idle,attack=attack@0.12-0.7,death=death --style style1 --fix-tex materials/models/heroes/monkey_king/ --mat-map monkey_king=monkey_king_arcana	models/heroes/monkey_king/monkey_king_hair.vmdl_c
monkey_king@arcana~style1+base.shoulder	models/heroes/monkey_king/monkey_king.vmdl_c	--dirs 8 --frame 80 --world 160 --margin 1.4 --fps 12 --max-frames 12 --pixel --anims cast=cast@0-0.75,walk=run,idle=mk_idle_head_turn|idle,attack=attack@0.12-0.7,death=death --style style1 --fix-tex materials/models/heroes/monkey_king/ --mat-map monkey_king=monkey_king_arcana	models/heroes/monkey_king/monkey_king_shoulders.vmdl_c
monkey_king@arcana~style1+arcana.head	models/heroes/monkey_king/monkey_king.vmdl_c	--dirs 8 --frame 80 --world 160 --margin 1.4 --fps 12 --max-frames 12 --pixel --anims cast=cast@0-0.75,walk=run,idle=mk_idle_head_turn|idle,attack=attack@0.12-0.7,death=death --style style1 --fix-tex materials/models/heroes/monkey_king/ --mat-map monkey_king=monkey_king_arcana	models/items/monkey_king/monkey_king_arcana_head/mesh/monkey_king_arcana.vmdl_c
monkey_king@arcana~style1+fiery_vajrapani.armor	models/heroes/monkey_king/monkey_king.vmdl_c	--dirs 8 --frame 80 --world 160 --margin 1.4 --fps 12 --max-frames 12 --pixel --anims cast=cast@0-0.75,walk=run,idle=mk_idle_head_turn|idle,attack=attack@0.12-0.7,death=death --style style1 --fix-tex materials/models/heroes/monkey_king/ --mat-map monkey_king=monkey_king_arcana	models/items/monkey_king/mk_fiery_vajrapani_armor/mk_fiery_vajrapani_armor.vmdl_c
monkey_king@arcana~style1+fiery_vajrapani.head	models/heroes/monkey_king/monkey_king.vmdl_c	--dirs 8 --frame 80 --world 160 --margin 1.4 --fps 12 --max-frames 12 --pixel --anims cast=cast@0-0.75,walk=run,idle=mk_idle_head_turn|idle,attack=attack@0.12-0.7,death=death --style style1 --fix-tex materials/models/heroes/monkey_king/ --mat-map monkey_king=monkey_king_arcana	models/items/monkey_king/mk_fiery_vajrapani_head/mk_fiery_vajrapani_head.vmdl_c
monkey_king@arcana~style1+fiery_vajrapani.shoulder	models/heroes/monkey_king/monkey_king.vmdl_c	--dirs 8 --frame 80 --world 160 --margin 1.4 --fps 12 --max-frames 12 --pixel --anims cast=cast@0-0.75,walk=run,idle=mk_idle_head_turn|idle,attack=attack@0.12-0.7,death=death --style style1 --fix-tex materials/models/heroes/monkey_king/ --mat-map monkey_king=monkey_king_arcana	models/items/monkey_king/mk_fiery_vajrapani_shoulder/mk_fiery_vajrapani_shoulder.vmdl_c
monkey_king@arcana~style1+fiery_vajrapani.weapon	models/heroes/monkey_king/monkey_king.vmdl_c	--dirs 8 --frame 80 --world 160 --margin 1.4 --fps 12 --max-frames 12 --pixel --anims cast=cast@0-0.75,walk=run,idle=mk_idle_head_turn|idle,attack=attack@0.12-0.7,death=death --style style1 --fix-tex materials/models/heroes/monkey_king/ --mat-map monkey_king=monkey_king_arcana	models/items/monkey_king/mk_fiery_vajrapani_weapon/mk_fiery_vajrapani_weapon.vmdl_c
monkey_king@arcana~style1+cult_of_the_demon_trickster.armor	models/heroes/monkey_king/monkey_king.vmdl_c	--dirs 8 --frame 80 --world 160 --margin 1.4 --fps 12 --max-frames 12 --pixel --anims cast=cast@0-0.75,walk=run,idle=mk_idle_head_turn|idle,attack=attack@0.12-0.7,death=death --style style1 --fix-tex materials/models/heroes/monkey_king/ --mat-map monkey_king=monkey_king_arcana	models/items/monkey_king/mk_ti9_immortal_armor/mk_ti9_immortal_arcana_armor.vmdl_c
monkey_king@arcana~style1+cult_of_the_demon_trickster.head	models/heroes/monkey_king/monkey_king.vmdl_c	--dirs 8 --frame 80 --world 160 --margin 1.4 --fps 12 --max-frames 12 --pixel --anims cast=cast@0-0.75,walk=run,idle=mk_idle_head_turn|idle,attack=attack@0.12-0.7,death=death --style style1 --fix-tex materials/models/heroes/monkey_king/ --mat-map monkey_king=monkey_king_arcana	models/items/monkey_king/mk_ti9_immortal_head/mk_ti9_immortal_arcana_head.vmdl_c
monkey_king@arcana~style1+cult_of_the_demon_trickster.shoulder	models/heroes/monkey_king/monkey_king.vmdl_c	--dirs 8 --frame 80 --world 160 --margin 1.4 --fps 12 --max-frames 12 --pixel --anims cast=cast@0-0.75,walk=run,idle=mk_idle_head_turn|idle,attack=attack@0.12-0.7,death=death --style style1 --fix-tex materials/models/heroes/monkey_king/ --mat-map monkey_king=monkey_king_arcana	models/items/monkey_king/mk_ti9_immortal_shoulder/mk_ti9_immortal_arcana_shoulder.vmdl_c
monkey_king@arcana~style1+cult_of_the_demon_trickster.weapon	models/heroes/monkey_king/monkey_king.vmdl_c	--dirs 8 --frame 80 --world 160 --margin 1.4 --fps 12 --max-frames 12 --pixel --anims cast=cast@0-0.75,walk=run,idle=mk_idle_head_turn|idle,attack=attack@0.12-0.7,death=death --style style1 --fix-tex materials/models/heroes/monkey_king/ --mat-map monkey_king=monkey_king_arcana	models/items/monkey_king/mk_ti9_immortal_weapon/mk_ti9_immortal_arcana_weapon.vmdl_c
monkey_king@arcana~style2+body	models/heroes/monkey_king/monkey_king.vmdl_c	--dirs 8 --frame 80 --world 160 --margin 1.4 --fps 12 --max-frames 12 --pixel --anims cast=cast@0-0.75,walk=run,idle=mk_idle_head_turn|idle,attack=attack@0.12-0.7,death=death --style style2 --fix-tex materials/models/heroes/monkey_king/ --mat-map monkey_king=monkey_king_arcana	
monkey_king@arcana~style2+base.armor	models/heroes/monkey_king/monkey_king.vmdl_c	--dirs 8 --frame 80 --world 160 --margin 1.4 --fps 12 --max-frames 12 --pixel --anims cast=cast@0-0.75,walk=run,idle=mk_idle_head_turn|idle,attack=attack@0.12-0.7,death=death --style style2 --fix-tex materials/models/heroes/monkey_king/ --mat-map monkey_king=monkey_king_arcana	models/heroes/monkey_king/monkey_king_armor.vmdl_c
monkey_king@arcana~style2+base.weapon	models/heroes/monkey_king/monkey_king.vmdl_c	--dirs 8 --frame 80 --world 160 --margin 1.4 --fps 12 --max-frames 12 --pixel --anims cast=cast@0-0.75,walk=run,idle=mk_idle_head_turn|idle,attack=attack@0.12-0.7,death=death --style style2 --fix-tex materials/models/heroes/monkey_king/ --mat-map monkey_king=monkey_king_arcana	models/heroes/monkey_king/monkey_king_base_weapon.vmdl_c
monkey_king@arcana~style2+base.back	models/heroes/monkey_king/monkey_king.vmdl_c	--dirs 8 --frame 80 --world 160 --margin 1.4 --fps 12 --max-frames 12 --pixel --anims cast=cast@0-0.75,walk=run,idle=mk_idle_head_turn|idle,attack=attack@0.12-0.7,death=death --style style2 --fix-tex materials/models/heroes/monkey_king/ --mat-map monkey_king=monkey_king_arcana	models/heroes/monkey_king/monkey_king_cape.vmdl_c
monkey_king@arcana~style2+base.head	models/heroes/monkey_king/monkey_king.vmdl_c	--dirs 8 --frame 80 --world 160 --margin 1.4 --fps 12 --max-frames 12 --pixel --anims cast=cast@0-0.75,walk=run,idle=mk_idle_head_turn|idle,attack=attack@0.12-0.7,death=death --style style2 --fix-tex materials/models/heroes/monkey_king/ --mat-map monkey_king=monkey_king_arcana	models/heroes/monkey_king/monkey_king_hair.vmdl_c
monkey_king@arcana~style2+base.shoulder	models/heroes/monkey_king/monkey_king.vmdl_c	--dirs 8 --frame 80 --world 160 --margin 1.4 --fps 12 --max-frames 12 --pixel --anims cast=cast@0-0.75,walk=run,idle=mk_idle_head_turn|idle,attack=attack@0.12-0.7,death=death --style style2 --fix-tex materials/models/heroes/monkey_king/ --mat-map monkey_king=monkey_king_arcana	models/heroes/monkey_king/monkey_king_shoulders.vmdl_c
monkey_king@arcana~style2+arcana.head	models/heroes/monkey_king/monkey_king.vmdl_c	--dirs 8 --frame 80 --world 160 --margin 1.4 --fps 12 --max-frames 12 --pixel --anims cast=cast@0-0.75,walk=run,idle=mk_idle_head_turn|idle,attack=attack@0.12-0.7,death=death --style style2 --fix-tex materials/models/heroes/monkey_king/ --mat-map monkey_king=monkey_king_arcana	models/items/monkey_king/monkey_king_arcana_head/mesh/monkey_king_arcana.vmdl_c
monkey_king@arcana~style2+fiery_vajrapani.armor	models/heroes/monkey_king/monkey_king.vmdl_c	--dirs 8 --frame 80 --world 160 --margin 1.4 --fps 12 --max-frames 12 --pixel --anims cast=cast@0-0.75,walk=run,idle=mk_idle_head_turn|idle,attack=attack@0.12-0.7,death=death --style style2 --fix-tex materials/models/heroes/monkey_king/ --mat-map monkey_king=monkey_king_arcana	models/items/monkey_king/mk_fiery_vajrapani_armor/mk_fiery_vajrapani_armor.vmdl_c
monkey_king@arcana~style2+fiery_vajrapani.head	models/heroes/monkey_king/monkey_king.vmdl_c	--dirs 8 --frame 80 --world 160 --margin 1.4 --fps 12 --max-frames 12 --pixel --anims cast=cast@0-0.75,walk=run,idle=mk_idle_head_turn|idle,attack=attack@0.12-0.7,death=death --style style2 --fix-tex materials/models/heroes/monkey_king/ --mat-map monkey_king=monkey_king_arcana	models/items/monkey_king/mk_fiery_vajrapani_head/mk_fiery_vajrapani_head.vmdl_c
monkey_king@arcana~style2+fiery_vajrapani.shoulder	models/heroes/monkey_king/monkey_king.vmdl_c	--dirs 8 --frame 80 --world 160 --margin 1.4 --fps 12 --max-frames 12 --pixel --anims cast=cast@0-0.75,walk=run,idle=mk_idle_head_turn|idle,attack=attack@0.12-0.7,death=death --style style2 --fix-tex materials/models/heroes/monkey_king/ --mat-map monkey_king=monkey_king_arcana	models/items/monkey_king/mk_fiery_vajrapani_shoulder/mk_fiery_vajrapani_shoulder.vmdl_c
monkey_king@arcana~style2+fiery_vajrapani.weapon	models/heroes/monkey_king/monkey_king.vmdl_c	--dirs 8 --frame 80 --world 160 --margin 1.4 --fps 12 --max-frames 12 --pixel --anims cast=cast@0-0.75,walk=run,idle=mk_idle_head_turn|idle,attack=attack@0.12-0.7,death=death --style style2 --fix-tex materials/models/heroes/monkey_king/ --mat-map monkey_king=monkey_king_arcana	models/items/monkey_king/mk_fiery_vajrapani_weapon/mk_fiery_vajrapani_weapon.vmdl_c
monkey_king@arcana~style2+cult_of_the_demon_trickster.armor	models/heroes/monkey_king/monkey_king.vmdl_c	--dirs 8 --frame 80 --world 160 --margin 1.4 --fps 12 --max-frames 12 --pixel --anims cast=cast@0-0.75,walk=run,idle=mk_idle_head_turn|idle,attack=attack@0.12-0.7,death=death --style style2 --fix-tex materials/models/heroes/monkey_king/ --mat-map monkey_king=monkey_king_arcana	models/items/monkey_king/mk_ti9_immortal_armor/mk_ti9_immortal_arcana_armor.vmdl_c
monkey_king@arcana~style2+cult_of_the_demon_trickster.head	models/heroes/monkey_king/monkey_king.vmdl_c	--dirs 8 --frame 80 --world 160 --margin 1.4 --fps 12 --max-frames 12 --pixel --anims cast=cast@0-0.75,walk=run,idle=mk_idle_head_turn|idle,attack=attack@0.12-0.7,death=death --style style2 --fix-tex materials/models/heroes/monkey_king/ --mat-map monkey_king=monkey_king_arcana	models/items/monkey_king/mk_ti9_immortal_head/mk_ti9_immortal_arcana_head.vmdl_c
monkey_king@arcana~style2+cult_of_the_demon_trickster.shoulder	models/heroes/monkey_king/monkey_king.vmdl_c	--dirs 8 --frame 80 --world 160 --margin 1.4 --fps 12 --max-frames 12 --pixel --anims cast=cast@0-0.75,walk=run,idle=mk_idle_head_turn|idle,attack=attack@0.12-0.7,death=death --style style2 --fix-tex materials/models/heroes/monkey_king/ --mat-map monkey_king=monkey_king_arcana	models/items/monkey_king/mk_ti9_immortal_shoulder/mk_ti9_immortal_arcana_shoulder.vmdl_c
monkey_king@arcana~style2+cult_of_the_demon_trickster.weapon	models/heroes/monkey_king/monkey_king.vmdl_c	--dirs 8 --frame 80 --world 160 --margin 1.4 --fps 12 --max-frames 12 --pixel --anims cast=cast@0-0.75,walk=run,idle=mk_idle_head_turn|idle,attack=attack@0.12-0.7,death=death --style style2 --fix-tex materials/models/heroes/monkey_king/ --mat-map monkey_king=monkey_king_arcana	models/items/monkey_king/mk_ti9_immortal_weapon/mk_ti9_immortal_arcana_weapon.vmdl_c
monkey_king@arcana~style3+body	models/heroes/monkey_king/monkey_king.vmdl_c	--dirs 8 --frame 80 --world 160 --margin 1.4 --fps 12 --max-frames 12 --pixel --anims cast=cast@0-0.75,walk=run,idle=mk_idle_head_turn|idle,attack=attack@0.12-0.7,death=death --style style3 --fix-tex materials/models/heroes/monkey_king/ --mat-map monkey_king=monkey_king_arcana	
monkey_king@arcana~style3+base.armor	models/heroes/monkey_king/monkey_king.vmdl_c	--dirs 8 --frame 80 --world 160 --margin 1.4 --fps 12 --max-frames 12 --pixel --anims cast=cast@0-0.75,walk=run,idle=mk_idle_head_turn|idle,attack=attack@0.12-0.7,death=death --style style3 --fix-tex materials/models/heroes/monkey_king/ --mat-map monkey_king=monkey_king_arcana	models/heroes/monkey_king/monkey_king_armor.vmdl_c
monkey_king@arcana~style3+base.weapon	models/heroes/monkey_king/monkey_king.vmdl_c	--dirs 8 --frame 80 --world 160 --margin 1.4 --fps 12 --max-frames 12 --pixel --anims cast=cast@0-0.75,walk=run,idle=mk_idle_head_turn|idle,attack=attack@0.12-0.7,death=death --style style3 --fix-tex materials/models/heroes/monkey_king/ --mat-map monkey_king=monkey_king_arcana	models/heroes/monkey_king/monkey_king_base_weapon.vmdl_c
monkey_king@arcana~style3+base.back	models/heroes/monkey_king/monkey_king.vmdl_c	--dirs 8 --frame 80 --world 160 --margin 1.4 --fps 12 --max-frames 12 --pixel --anims cast=cast@0-0.75,walk=run,idle=mk_idle_head_turn|idle,attack=attack@0.12-0.7,death=death --style style3 --fix-tex materials/models/heroes/monkey_king/ --mat-map monkey_king=monkey_king_arcana	models/heroes/monkey_king/monkey_king_cape.vmdl_c
monkey_king@arcana~style3+base.head	models/heroes/monkey_king/monkey_king.vmdl_c	--dirs 8 --frame 80 --world 160 --margin 1.4 --fps 12 --max-frames 12 --pixel --anims cast=cast@0-0.75,walk=run,idle=mk_idle_head_turn|idle,attack=attack@0.12-0.7,death=death --style style3 --fix-tex materials/models/heroes/monkey_king/ --mat-map monkey_king=monkey_king_arcana	models/heroes/monkey_king/monkey_king_hair.vmdl_c
monkey_king@arcana~style3+base.shoulder	models/heroes/monkey_king/monkey_king.vmdl_c	--dirs 8 --frame 80 --world 160 --margin 1.4 --fps 12 --max-frames 12 --pixel --anims cast=cast@0-0.75,walk=run,idle=mk_idle_head_turn|idle,attack=attack@0.12-0.7,death=death --style style3 --fix-tex materials/models/heroes/monkey_king/ --mat-map monkey_king=monkey_king_arcana	models/heroes/monkey_king/monkey_king_shoulders.vmdl_c
monkey_king@arcana~style3+arcana.head	models/heroes/monkey_king/monkey_king.vmdl_c	--dirs 8 --frame 80 --world 160 --margin 1.4 --fps 12 --max-frames 12 --pixel --anims cast=cast@0-0.75,walk=run,idle=mk_idle_head_turn|idle,attack=attack@0.12-0.7,death=death --style style3 --fix-tex materials/models/heroes/monkey_king/ --mat-map monkey_king=monkey_king_arcana	models/items/monkey_king/monkey_king_arcana_head/mesh/monkey_king_arcana.vmdl_c
monkey_king@arcana~style3+fiery_vajrapani.armor	models/heroes/monkey_king/monkey_king.vmdl_c	--dirs 8 --frame 80 --world 160 --margin 1.4 --fps 12 --max-frames 12 --pixel --anims cast=cast@0-0.75,walk=run,idle=mk_idle_head_turn|idle,attack=attack@0.12-0.7,death=death --style style3 --fix-tex materials/models/heroes/monkey_king/ --mat-map monkey_king=monkey_king_arcana	models/items/monkey_king/mk_fiery_vajrapani_armor/mk_fiery_vajrapani_armor.vmdl_c
monkey_king@arcana~style3+fiery_vajrapani.head	models/heroes/monkey_king/monkey_king.vmdl_c	--dirs 8 --frame 80 --world 160 --margin 1.4 --fps 12 --max-frames 12 --pixel --anims cast=cast@0-0.75,walk=run,idle=mk_idle_head_turn|idle,attack=attack@0.12-0.7,death=death --style style3 --fix-tex materials/models/heroes/monkey_king/ --mat-map monkey_king=monkey_king_arcana	models/items/monkey_king/mk_fiery_vajrapani_head/mk_fiery_vajrapani_head.vmdl_c
monkey_king@arcana~style3+fiery_vajrapani.shoulder	models/heroes/monkey_king/monkey_king.vmdl_c	--dirs 8 --frame 80 --world 160 --margin 1.4 --fps 12 --max-frames 12 --pixel --anims cast=cast@0-0.75,walk=run,idle=mk_idle_head_turn|idle,attack=attack@0.12-0.7,death=death --style style3 --fix-tex materials/models/heroes/monkey_king/ --mat-map monkey_king=monkey_king_arcana	models/items/monkey_king/mk_fiery_vajrapani_shoulder/mk_fiery_vajrapani_shoulder.vmdl_c
monkey_king@arcana~style3+fiery_vajrapani.weapon	models/heroes/monkey_king/monkey_king.vmdl_c	--dirs 8 --frame 80 --world 160 --margin 1.4 --fps 12 --max-frames 12 --pixel --anims cast=cast@0-0.75,walk=run,idle=mk_idle_head_turn|idle,attack=attack@0.12-0.7,death=death --style style3 --fix-tex materials/models/heroes/monkey_king/ --mat-map monkey_king=monkey_king_arcana	models/items/monkey_king/mk_fiery_vajrapani_weapon/mk_fiery_vajrapani_weapon.vmdl_c
monkey_king@arcana~style3+cult_of_the_demon_trickster.armor	models/heroes/monkey_king/monkey_king.vmdl_c	--dirs 8 --frame 80 --world 160 --margin 1.4 --fps 12 --max-frames 12 --pixel --anims cast=cast@0-0.75,walk=run,idle=mk_idle_head_turn|idle,attack=attack@0.12-0.7,death=death --style style3 --fix-tex materials/models/heroes/monkey_king/ --mat-map monkey_king=monkey_king_arcana	models/items/monkey_king/mk_ti9_immortal_armor/mk_ti9_immortal_arcana_armor.vmdl_c
monkey_king@arcana~style3+cult_of_the_demon_trickster.head	models/heroes/monkey_king/monkey_king.vmdl_c	--dirs 8 --frame 80 --world 160 --margin 1.4 --fps 12 --max-frames 12 --pixel --anims cast=cast@0-0.75,walk=run,idle=mk_idle_head_turn|idle,attack=attack@0.12-0.7,death=death --style style3 --fix-tex materials/models/heroes/monkey_king/ --mat-map monkey_king=monkey_king_arcana	models/items/monkey_king/mk_ti9_immortal_head/mk_ti9_immortal_arcana_head.vmdl_c
monkey_king@arcana~style3+cult_of_the_demon_trickster.shoulder	models/heroes/monkey_king/monkey_king.vmdl_c	--dirs 8 --frame 80 --world 160 --margin 1.4 --fps 12 --max-frames 12 --pixel --anims cast=cast@0-0.75,walk=run,idle=mk_idle_head_turn|idle,attack=attack@0.12-0.7,death=death --style style3 --fix-tex materials/models/heroes/monkey_king/ --mat-map monkey_king=monkey_king_arcana	models/items/monkey_king/mk_ti9_immortal_shoulder/mk_ti9_immortal_arcana_shoulder.vmdl_c
monkey_king@arcana~style3+cult_of_the_demon_trickster.weapon	models/heroes/monkey_king/monkey_king.vmdl_c	--dirs 8 --frame 80 --world 160 --margin 1.4 --fps 12 --max-frames 12 --pixel --anims cast=cast@0-0.75,walk=run,idle=mk_idle_head_turn|idle,attack=attack@0.12-0.7,death=death --style style3 --fix-tex materials/models/heroes/monkey_king/ --mat-map monkey_king=monkey_king_arcana	models/items/monkey_king/mk_ti9_immortal_weapon/mk_ti9_immortal_arcana_weapon.vmdl_c
terrorblade+body	models/heroes/terrorblade/terrorblade.vmdl_c	--dirs 8 --frame 80 --world 160 --margin 1.4 --fps 12 --max-frames 12 --pixel --light 1.6 --autoexpose 0.3 --anims cast=cast@0-0.75,walk=run,idle=idle,attack=attack@0.12-0.7,death=death --glow-mask materials/models/heroes/terrorblade --glow-color 0.35,1.0,0.9 --glow-grow 18 --expose-target 0.5 --glow-mat weapon=0.35,1.0,0.9,0.75	
terrorblade+base.armor	models/heroes/terrorblade/terrorblade.vmdl_c	--dirs 8 --frame 80 --world 160 --margin 1.4 --fps 12 --max-frames 12 --pixel --light 1.6 --autoexpose 0.3 --anims cast=cast@0-0.75,walk=run,idle=idle,attack=attack@0.12-0.7,death=death --glow-mask materials/models/heroes/terrorblade --glow-color 0.35,1.0,0.9 --glow-grow 18 --expose-target 0.5 --glow-mat weapon=0.35,1.0,0.9,0.75	models/heroes/terrorblade/armor.vmdl_c
terrorblade+base.head	models/heroes/terrorblade/terrorblade.vmdl_c	--dirs 8 --frame 80 --world 160 --margin 1.4 --fps 12 --max-frames 12 --pixel --light 1.6 --autoexpose 0.3 --anims cast=cast@0-0.75,walk=run,idle=idle,attack=attack@0.12-0.7,death=death --glow-mask materials/models/heroes/terrorblade --glow-color 0.35,1.0,0.9 --glow-grow 18 --expose-target 0.5 --glow-mat weapon=0.35,1.0,0.9,0.75	models/heroes/terrorblade/horns.vmdl_c
terrorblade+base.weapon	models/heroes/terrorblade/terrorblade.vmdl_c	--dirs 8 --frame 80 --world 160 --margin 1.4 --fps 12 --max-frames 12 --pixel --light 1.6 --autoexpose 0.3 --anims cast=cast@0-0.75,walk=run,idle=idle,attack=attack@0.12-0.7,death=death --glow-mask materials/models/heroes/terrorblade --glow-color 0.35,1.0,0.9 --glow-grow 18 --expose-target 0.5 --glow-mat weapon=0.35,1.0,0.9,0.75	models/heroes/terrorblade/weapon.vmdl_c
terrorblade+base.back	models/heroes/terrorblade/terrorblade.vmdl_c	--dirs 8 --frame 80 --world 160 --margin 1.4 --fps 12 --max-frames 12 --pixel --light 1.6 --autoexpose 0.3 --anims cast=cast@0-0.75,walk=run,idle=idle,attack=attack@0.12-0.7,death=death --glow-mask materials/models/heroes/terrorblade --glow-color 0.35,1.0,0.9 --glow-grow 18 --expose-target 0.5 --glow-mat weapon=0.35,1.0,0.9,0.75	models/heroes/terrorblade/wings.vmdl_c
terrorblade+marauders.armor	models/heroes/terrorblade/terrorblade.vmdl_c	--dirs 8 --frame 80 --world 160 --margin 1.4 --fps 12 --max-frames 12 --pixel --light 1.6 --autoexpose 0.3 --anims cast=cast@0-0.75,walk=run,idle=idle,attack=attack@0.12-0.7,death=death --glow-mask materials/models/heroes/terrorblade --glow-color 0.35,1.0,0.9 --glow-grow 18 --expose-target 0.5 --glow-mat weapon=0.35,1.0,0.9,0.75	models/items/terrorblade/marauders_armor/marauders_armor.vmdl_c
terrorblade+marauders.back	models/heroes/terrorblade/terrorblade.vmdl_c	--dirs 8 --frame 80 --world 160 --margin 1.4 --fps 12 --max-frames 12 --pixel --light 1.6 --autoexpose 0.3 --anims cast=cast@0-0.75,walk=run,idle=idle,attack=attack@0.12-0.7,death=death --glow-mask materials/models/heroes/terrorblade --glow-color 0.35,1.0,0.9 --glow-grow 18 --expose-target 0.5 --glow-mat weapon=0.35,1.0,0.9,0.75	models/items/terrorblade/marauders_back/marauders_back.vmdl_c
terrorblade+marauders.head	models/heroes/terrorblade/terrorblade.vmdl_c	--dirs 8 --frame 80 --world 160 --margin 1.4 --fps 12 --max-frames 12 --pixel --light 1.6 --autoexpose 0.3 --anims cast=cast@0-0.75,walk=run,idle=idle,attack=attack@0.12-0.7,death=death --glow-mask materials/models/heroes/terrorblade --glow-color 0.35,1.0,0.9 --glow-grow 18 --expose-target 0.5 --glow-mat weapon=0.35,1.0,0.9,0.75	models/items/terrorblade/marauders_head/marauders_head.vmdl_c
terrorblade+marauders.weapon	models/heroes/terrorblade/terrorblade.vmdl_c	--dirs 8 --frame 80 --world 160 --margin 1.4 --fps 12 --max-frames 12 --pixel --light 1.6 --autoexpose 0.3 --anims cast=cast@0-0.75,walk=run,idle=idle,attack=attack@0.12-0.7,death=death --glow-mask materials/models/heroes/terrorblade --glow-color 0.35,1.0,0.9 --glow-grow 18 --expose-target 0.5 --glow-mat weapon=0.35,1.0,0.9,0.75	models/items/terrorblade/marauders_weapon/marauders_weapon.vmdl_c
terrorblade+eternal_purgatory.armor	models/heroes/terrorblade/terrorblade.vmdl_c	--dirs 8 --frame 80 --world 160 --margin 1.4 --fps 12 --max-frames 12 --pixel --light 1.6 --autoexpose 0.3 --anims cast=cast@0-0.75,walk=run,idle=idle,attack=attack@0.12-0.7,death=death --glow-mask materials/models/heroes/terrorblade --glow-color 0.35,1.0,0.9 --glow-grow 18 --expose-target 0.5 --glow-mat weapon=0.35,1.0,0.9,0.75	models/items/terrorblade/endless_purgatory_armor/endless_purgatory_armor.vmdl_c
terrorblade+eternal_purgatory.back	models/heroes/terrorblade/terrorblade.vmdl_c	--dirs 8 --frame 80 --world 160 --margin 1.4 --fps 12 --max-frames 12 --pixel --light 1.6 --autoexpose 0.3 --anims cast=cast@0-0.75,walk=run,idle=idle,attack=attack@0.12-0.7,death=death --glow-mask materials/models/heroes/terrorblade --glow-color 0.35,1.0,0.9 --glow-grow 18 --expose-target 0.5 --glow-mat weapon=0.35,1.0,0.9,0.75	models/items/terrorblade/endless_purgatory_back/endless_purgatory_back.vmdl_c
terrorblade+eternal_purgatory.head	models/heroes/terrorblade/terrorblade.vmdl_c	--dirs 8 --frame 80 --world 160 --margin 1.4 --fps 12 --max-frames 12 --pixel --light 1.6 --autoexpose 0.3 --anims cast=cast@0-0.75,walk=run,idle=idle,attack=attack@0.12-0.7,death=death --glow-mask materials/models/heroes/terrorblade --glow-color 0.35,1.0,0.9 --glow-grow 18 --expose-target 0.5 --glow-mat weapon=0.35,1.0,0.9,0.75	models/items/terrorblade/endless_purgatory_head/endless_purgatory_head.vmdl_c
terrorblade+eternal_purgatory.weapon	models/heroes/terrorblade/terrorblade.vmdl_c	--dirs 8 --frame 80 --world 160 --margin 1.4 --fps 12 --max-frames 12 --pixel --light 1.6 --autoexpose 0.3 --anims cast=cast@0-0.75,walk=run,idle=idle,attack=attack@0.12-0.7,death=death --glow-mask materials/models/heroes/terrorblade --glow-color 0.35,1.0,0.9 --glow-grow 18 --expose-target 0.5 --glow-mat weapon=0.35,1.0,0.9,0.75	models/items/terrorblade/endless_purgatory_weapon/endless_purgatory_weapon.vmdl_c
terrorblade+foulfell.armor	models/heroes/terrorblade/terrorblade.vmdl_c	--dirs 8 --frame 80 --world 160 --margin 1.4 --fps 12 --max-frames 12 --pixel --light 1.6 --autoexpose 0.3 --anims cast=cast@0-0.75,walk=run,idle=idle,attack=attack@0.12-0.7,death=death --glow-mask materials/models/heroes/terrorblade --glow-color 0.35,1.0,0.9 --glow-grow 18 --expose-target 0.5 --glow-mat weapon=0.35,1.0,0.9,0.75	models/items/terrorblade/knight_of_foulfell_terrorblade_armor/knight_of_foulfell_terrorblade_armor.vmdl_c
terrorblade+foulfell.back	models/heroes/terrorblade/terrorblade.vmdl_c	--dirs 8 --frame 80 --world 160 --margin 1.4 --fps 12 --max-frames 12 --pixel --light 1.6 --autoexpose 0.3 --anims cast=cast@0-0.75,walk=run,idle=idle,attack=attack@0.12-0.7,death=death --glow-mask materials/models/heroes/terrorblade --glow-color 0.35,1.0,0.9 --glow-grow 18 --expose-target 0.5 --glow-mat weapon=0.35,1.0,0.9,0.75	models/items/terrorblade/knight_of_foulfell_terrorblade_back/knight_of_foulfell_terrorblade_back.vmdl_c
terrorblade+foulfell.head	models/heroes/terrorblade/terrorblade.vmdl_c	--dirs 8 --frame 80 --world 160 --margin 1.4 --fps 12 --max-frames 12 --pixel --light 1.6 --autoexpose 0.3 --anims cast=cast@0-0.75,walk=run,idle=idle,attack=attack@0.12-0.7,death=death --glow-mask materials/models/heroes/terrorblade --glow-color 0.35,1.0,0.9 --glow-grow 18 --expose-target 0.5 --glow-mat weapon=0.35,1.0,0.9,0.75	models/items/terrorblade/knight_of_foulfell_terrorblade_head/knight_of_foulfell_terrorblade_head.vmdl_c
terrorblade+foulfell.weapon	models/heroes/terrorblade/terrorblade.vmdl_c	--dirs 8 --frame 80 --world 160 --margin 1.4 --fps 12 --max-frames 12 --pixel --light 1.6 --autoexpose 0.3 --anims cast=cast@0-0.75,walk=run,idle=idle,attack=attack@0.12-0.7,death=death --glow-mask materials/models/heroes/terrorblade --glow-color 0.35,1.0,0.9 --glow-grow 18 --expose-target 0.5 --glow-mat weapon=0.35,1.0,0.9,0.75	models/items/terrorblade/knight_of_foulfell_terrorblade_weapon/knight_of_foulfell_terrorblade_weapon.vmdl_c
terrorblade+broken_code.armor	models/heroes/terrorblade/terrorblade.vmdl_c	--dirs 8 --frame 80 --world 160 --margin 1.4 --fps 12 --max-frames 12 --pixel --light 1.6 --autoexpose 0.3 --anims cast=cast@0-0.75,walk=run,idle=idle,attack=attack@0.12-0.7,death=death --glow-mask materials/models/heroes/terrorblade --glow-color 0.35,1.0,0.9 --glow-grow 18 --expose-target 0.5 --glow-mat weapon=0.35,1.0,0.9,0.75	models/items/terrorblade/tb_samurai_armor/tb_samurai_armor.vmdl_c
terrorblade+broken_code.back	models/heroes/terrorblade/terrorblade.vmdl_c	--dirs 8 --frame 80 --world 160 --margin 1.4 --fps 12 --max-frames 12 --pixel --light 1.6 --autoexpose 0.3 --anims cast=cast@0-0.75,walk=run,idle=idle,attack=attack@0.12-0.7,death=death --glow-mask materials/models/heroes/terrorblade --glow-color 0.35,1.0,0.9 --glow-grow 18 --expose-target 0.5 --glow-mat weapon=0.35,1.0,0.9,0.75	models/items/terrorblade/tb_samurai_back/tb_samurai_back.vmdl_c
terrorblade+broken_code.head	models/heroes/terrorblade/terrorblade.vmdl_c	--dirs 8 --frame 80 --world 160 --margin 1.4 --fps 12 --max-frames 12 --pixel --light 1.6 --autoexpose 0.3 --anims cast=cast@0-0.75,walk=run,idle=idle,attack=attack@0.12-0.7,death=death --glow-mask materials/models/heroes/terrorblade --glow-color 0.35,1.0,0.9 --glow-grow 18 --expose-target 0.5 --glow-mat weapon=0.35,1.0,0.9,0.75	models/items/terrorblade/tb_samurai_head/tb_samurai_head.vmdl_c
terrorblade+broken_code.weapon	models/heroes/terrorblade/terrorblade.vmdl_c	--dirs 8 --frame 80 --world 160 --margin 1.4 --fps 12 --max-frames 12 --pixel --light 1.6 --autoexpose 0.3 --anims cast=cast@0-0.75,walk=run,idle=idle,attack=attack@0.12-0.7,death=death --glow-mask materials/models/heroes/terrorblade --glow-color 0.35,1.0,0.9 --glow-grow 18 --expose-target 0.5 --glow-mat weapon=0.35,1.0,0.9,0.75	models/items/terrorblade/tb_samurai_weapon/tb_samurai_weapon.vmdl_c
terrorblade+forgotten_station.armor	models/heroes/terrorblade/terrorblade.vmdl_c	--dirs 8 --frame 80 --world 160 --margin 1.4 --fps 12 --max-frames 12 --pixel --light 1.6 --autoexpose 0.3 --anims cast=cast@0-0.75,walk=run,idle=idle,attack=attack@0.12-0.7,death=death --glow-mask materials/models/heroes/terrorblade --glow-color 0.35,1.0,0.9 --glow-grow 18 --expose-target 0.5 --glow-mat weapon=0.35,1.0,0.9,0.75	models/items/terrorblade/terrorblade_ultimate_depravity_armor/terrorblade_ultimate_depravity_armor.vmdl_c
terrorblade+forgotten_station.back	models/heroes/terrorblade/terrorblade.vmdl_c	--dirs 8 --frame 80 --world 160 --margin 1.4 --fps 12 --max-frames 12 --pixel --light 1.6 --autoexpose 0.3 --anims cast=cast@0-0.75,walk=run,idle=idle,attack=attack@0.12-0.7,death=death --glow-mask materials/models/heroes/terrorblade --glow-color 0.35,1.0,0.9 --glow-grow 18 --expose-target 0.5 --glow-mat weapon=0.35,1.0,0.9,0.75	models/items/terrorblade/terrorblade_ultimate_depravity_back/terrorblade_ultimate_depravity_back.vmdl_c
terrorblade+forgotten_station.head	models/heroes/terrorblade/terrorblade.vmdl_c	--dirs 8 --frame 80 --world 160 --margin 1.4 --fps 12 --max-frames 12 --pixel --light 1.6 --autoexpose 0.3 --anims cast=cast@0-0.75,walk=run,idle=idle,attack=attack@0.12-0.7,death=death --glow-mask materials/models/heroes/terrorblade --glow-color 0.35,1.0,0.9 --glow-grow 18 --expose-target 0.5 --glow-mat weapon=0.35,1.0,0.9,0.75	models/items/terrorblade/terrorblade_ultimate_depravity_head/terrorblade_ultimate_depravity_head.vmdl_c
terrorblade+forgotten_station.weapon	models/heroes/terrorblade/terrorblade.vmdl_c	--dirs 8 --frame 80 --world 160 --margin 1.4 --fps 12 --max-frames 12 --pixel --light 1.6 --autoexpose 0.3 --anims cast=cast@0-0.75,walk=run,idle=idle,attack=attack@0.12-0.7,death=death --glow-mask materials/models/heroes/terrorblade --glow-color 0.35,1.0,0.9 --glow-grow 18 --expose-target 0.5 --glow-mat weapon=0.35,1.0,0.9,0.75	models/items/terrorblade/terrorblade_ultimate_depravity_weapon/terrorblade_ultimate_depravity_weapon.vmdl_c
terrorblade@arcana+body	models/heroes/terrorblade/terrorblade_arcana.vmdl_c	--dirs 8 --frame 80 --world 160 --margin 1.4 --fps 12 --max-frames 12 --pixel --light 1.6 --autoexpose 0.3 --anims cast=cast@0-0.75,walk=run,idle=idle,attack=attack@0.12-0.7,death=death --glow-mask materials/models/heroes/terrorblade --glow-color 1.0,0.3,0.3 --glow-grow 18 --expose-target 0.5 --glow-mat weapon=1.0,0.3,0.3,0.75;terrorblade_color|armor_color=1.0,0.3,0.3,0.4	
terrorblade@arcana+base.armor	models/heroes/terrorblade/terrorblade_arcana.vmdl_c	--dirs 8 --frame 80 --world 160 --margin 1.4 --fps 12 --max-frames 12 --pixel --light 1.6 --autoexpose 0.3 --anims cast=cast@0-0.75,walk=run,idle=idle,attack=attack@0.12-0.7,death=death --glow-mask materials/models/heroes/terrorblade --glow-color 1.0,0.3,0.3 --glow-grow 18 --expose-target 0.5 --glow-mat weapon=1.0,0.3,0.3,0.75;terrorblade_color|armor_color=1.0,0.3,0.3,0.4	models/heroes/terrorblade/armor.vmdl_c
terrorblade@arcana+base.head	models/heroes/terrorblade/terrorblade_arcana.vmdl_c	--dirs 8 --frame 80 --world 160 --margin 1.4 --fps 12 --max-frames 12 --pixel --light 1.6 --autoexpose 0.3 --anims cast=cast@0-0.75,walk=run,idle=idle,attack=attack@0.12-0.7,death=death --glow-mask materials/models/heroes/terrorblade --glow-color 1.0,0.3,0.3 --glow-grow 18 --expose-target 0.5 --glow-mat weapon=1.0,0.3,0.3,0.75;terrorblade_color|armor_color=1.0,0.3,0.3,0.4	models/heroes/terrorblade/horns.vmdl_c
terrorblade@arcana+base.weapon	models/heroes/terrorblade/terrorblade_arcana.vmdl_c	--dirs 8 --frame 80 --world 160 --margin 1.4 --fps 12 --max-frames 12 --pixel --light 1.6 --autoexpose 0.3 --anims cast=cast@0-0.75,walk=run,idle=idle,attack=attack@0.12-0.7,death=death --glow-mask materials/models/heroes/terrorblade --glow-color 1.0,0.3,0.3 --glow-grow 18 --expose-target 0.5 --glow-mat weapon=1.0,0.3,0.3,0.75;terrorblade_color|armor_color=1.0,0.3,0.3,0.4	models/heroes/terrorblade/weapon.vmdl_c
terrorblade@arcana+base.back	models/heroes/terrorblade/terrorblade_arcana.vmdl_c	--dirs 8 --frame 80 --world 160 --margin 1.4 --fps 12 --max-frames 12 --pixel --light 1.6 --autoexpose 0.3 --anims cast=cast@0-0.75,walk=run,idle=idle,attack=attack@0.12-0.7,death=death --glow-mask materials/models/heroes/terrorblade --glow-color 1.0,0.3,0.3 --glow-grow 18 --expose-target 0.5 --glow-mat weapon=1.0,0.3,0.3,0.75;terrorblade_color|armor_color=1.0,0.3,0.3,0.4	models/heroes/terrorblade/wings.vmdl_c
terrorblade@arcana+arcana.head	models/heroes/terrorblade/terrorblade_arcana.vmdl_c	--dirs 8 --frame 80 --world 160 --margin 1.4 --fps 12 --max-frames 12 --pixel --light 1.6 --autoexpose 0.3 --anims cast=cast@0-0.75,walk=run,idle=idle,attack=attack@0.12-0.7,death=death --glow-mask materials/models/heroes/terrorblade --glow-color 1.0,0.3,0.3 --glow-grow 18 --expose-target 0.5 --glow-mat weapon=1.0,0.3,0.3,0.75;terrorblade_color|armor_color=1.0,0.3,0.3,0.4	models/heroes/terrorblade/horns_arcana.vmdl_c
terrorblade@arcana+marauders.armor	models/heroes/terrorblade/terrorblade_arcana.vmdl_c	--dirs 8 --frame 80 --world 160 --margin 1.4 --fps 12 --max-frames 12 --pixel --light 1.6 --autoexpose 0.3 --anims cast=cast@0-0.75,walk=run,idle=idle,attack=attack@0.12-0.7,death=death --glow-mask materials/models/heroes/terrorblade --glow-color 1.0,0.3,0.3 --glow-grow 18 --expose-target 0.5 --glow-mat weapon=1.0,0.3,0.3,0.75;terrorblade_color|armor_color=1.0,0.3,0.3,0.4	models/items/terrorblade/marauders_armor/marauders_armor.vmdl_c
terrorblade@arcana+marauders.back	models/heroes/terrorblade/terrorblade_arcana.vmdl_c	--dirs 8 --frame 80 --world 160 --margin 1.4 --fps 12 --max-frames 12 --pixel --light 1.6 --autoexpose 0.3 --anims cast=cast@0-0.75,walk=run,idle=idle,attack=attack@0.12-0.7,death=death --glow-mask materials/models/heroes/terrorblade --glow-color 1.0,0.3,0.3 --glow-grow 18 --expose-target 0.5 --glow-mat weapon=1.0,0.3,0.3,0.75;terrorblade_color|armor_color=1.0,0.3,0.3,0.4	models/items/terrorblade/marauders_back/marauders_back.vmdl_c
terrorblade@arcana+marauders.head	models/heroes/terrorblade/terrorblade_arcana.vmdl_c	--dirs 8 --frame 80 --world 160 --margin 1.4 --fps 12 --max-frames 12 --pixel --light 1.6 --autoexpose 0.3 --anims cast=cast@0-0.75,walk=run,idle=idle,attack=attack@0.12-0.7,death=death --glow-mask materials/models/heroes/terrorblade --glow-color 1.0,0.3,0.3 --glow-grow 18 --expose-target 0.5 --glow-mat weapon=1.0,0.3,0.3,0.75;terrorblade_color|armor_color=1.0,0.3,0.3,0.4	models/items/terrorblade/marauders_head/marauders_head.vmdl_c
terrorblade@arcana+marauders.weapon	models/heroes/terrorblade/terrorblade_arcana.vmdl_c	--dirs 8 --frame 80 --world 160 --margin 1.4 --fps 12 --max-frames 12 --pixel --light 1.6 --autoexpose 0.3 --anims cast=cast@0-0.75,walk=run,idle=idle,attack=attack@0.12-0.7,death=death --glow-mask materials/models/heroes/terrorblade --glow-color 1.0,0.3,0.3 --glow-grow 18 --expose-target 0.5 --glow-mat weapon=1.0,0.3,0.3,0.75;terrorblade_color|armor_color=1.0,0.3,0.3,0.4	models/items/terrorblade/marauders_weapon/marauders_weapon.vmdl_c
terrorblade@arcana+eternal_purgatory.armor	models/heroes/terrorblade/terrorblade_arcana.vmdl_c	--dirs 8 --frame 80 --world 160 --margin 1.4 --fps 12 --max-frames 12 --pixel --light 1.6 --autoexpose 0.3 --anims cast=cast@0-0.75,walk=run,idle=idle,attack=attack@0.12-0.7,death=death --glow-mask materials/models/heroes/terrorblade --glow-color 1.0,0.3,0.3 --glow-grow 18 --expose-target 0.5 --glow-mat weapon=1.0,0.3,0.3,0.75;terrorblade_color|armor_color=1.0,0.3,0.3,0.4	models/items/terrorblade/endless_purgatory_armor/endless_purgatory_armor.vmdl_c
terrorblade@arcana+eternal_purgatory.back	models/heroes/terrorblade/terrorblade_arcana.vmdl_c	--dirs 8 --frame 80 --world 160 --margin 1.4 --fps 12 --max-frames 12 --pixel --light 1.6 --autoexpose 0.3 --anims cast=cast@0-0.75,walk=run,idle=idle,attack=attack@0.12-0.7,death=death --glow-mask materials/models/heroes/terrorblade --glow-color 1.0,0.3,0.3 --glow-grow 18 --expose-target 0.5 --glow-mat weapon=1.0,0.3,0.3,0.75;terrorblade_color|armor_color=1.0,0.3,0.3,0.4	models/items/terrorblade/endless_purgatory_back/endless_purgatory_back.vmdl_c
terrorblade@arcana+eternal_purgatory.head	models/heroes/terrorblade/terrorblade_arcana.vmdl_c	--dirs 8 --frame 80 --world 160 --margin 1.4 --fps 12 --max-frames 12 --pixel --light 1.6 --autoexpose 0.3 --anims cast=cast@0-0.75,walk=run,idle=idle,attack=attack@0.12-0.7,death=death --glow-mask materials/models/heroes/terrorblade --glow-color 1.0,0.3,0.3 --glow-grow 18 --expose-target 0.5 --glow-mat weapon=1.0,0.3,0.3,0.75;terrorblade_color|armor_color=1.0,0.3,0.3,0.4	models/items/terrorblade/endless_purgatory_head/endless_purgatory_head.vmdl_c
terrorblade@arcana+eternal_purgatory.weapon	models/heroes/terrorblade/terrorblade_arcana.vmdl_c	--dirs 8 --frame 80 --world 160 --margin 1.4 --fps 12 --max-frames 12 --pixel --light 1.6 --autoexpose 0.3 --anims cast=cast@0-0.75,walk=run,idle=idle,attack=attack@0.12-0.7,death=death --glow-mask materials/models/heroes/terrorblade --glow-color 1.0,0.3,0.3 --glow-grow 18 --expose-target 0.5 --glow-mat weapon=1.0,0.3,0.3,0.75;terrorblade_color|armor_color=1.0,0.3,0.3,0.4	models/items/terrorblade/endless_purgatory_weapon/endless_purgatory_weapon.vmdl_c
terrorblade@arcana+foulfell.armor	models/heroes/terrorblade/terrorblade_arcana.vmdl_c	--dirs 8 --frame 80 --world 160 --margin 1.4 --fps 12 --max-frames 12 --pixel --light 1.6 --autoexpose 0.3 --anims cast=cast@0-0.75,walk=run,idle=idle,attack=attack@0.12-0.7,death=death --glow-mask materials/models/heroes/terrorblade --glow-color 1.0,0.3,0.3 --glow-grow 18 --expose-target 0.5 --glow-mat weapon=1.0,0.3,0.3,0.75;terrorblade_color|armor_color=1.0,0.3,0.3,0.4	models/items/terrorblade/knight_of_foulfell_terrorblade_armor/knight_of_foulfell_terrorblade_armor.vmdl_c
terrorblade@arcana+foulfell.back	models/heroes/terrorblade/terrorblade_arcana.vmdl_c	--dirs 8 --frame 80 --world 160 --margin 1.4 --fps 12 --max-frames 12 --pixel --light 1.6 --autoexpose 0.3 --anims cast=cast@0-0.75,walk=run,idle=idle,attack=attack@0.12-0.7,death=death --glow-mask materials/models/heroes/terrorblade --glow-color 1.0,0.3,0.3 --glow-grow 18 --expose-target 0.5 --glow-mat weapon=1.0,0.3,0.3,0.75;terrorblade_color|armor_color=1.0,0.3,0.3,0.4	models/items/terrorblade/knight_of_foulfell_terrorblade_back/knight_of_foulfell_terrorblade_back.vmdl_c
terrorblade@arcana+foulfell.head	models/heroes/terrorblade/terrorblade_arcana.vmdl_c	--dirs 8 --frame 80 --world 160 --margin 1.4 --fps 12 --max-frames 12 --pixel --light 1.6 --autoexpose 0.3 --anims cast=cast@0-0.75,walk=run,idle=idle,attack=attack@0.12-0.7,death=death --glow-mask materials/models/heroes/terrorblade --glow-color 1.0,0.3,0.3 --glow-grow 18 --expose-target 0.5 --glow-mat weapon=1.0,0.3,0.3,0.75;terrorblade_color|armor_color=1.0,0.3,0.3,0.4	models/items/terrorblade/knight_of_foulfell_terrorblade_head/knight_of_foulfell_terrorblade_head.vmdl_c
terrorblade@arcana+foulfell.weapon	models/heroes/terrorblade/terrorblade_arcana.vmdl_c	--dirs 8 --frame 80 --world 160 --margin 1.4 --fps 12 --max-frames 12 --pixel --light 1.6 --autoexpose 0.3 --anims cast=cast@0-0.75,walk=run,idle=idle,attack=attack@0.12-0.7,death=death --glow-mask materials/models/heroes/terrorblade --glow-color 1.0,0.3,0.3 --glow-grow 18 --expose-target 0.5 --glow-mat weapon=1.0,0.3,0.3,0.75;terrorblade_color|armor_color=1.0,0.3,0.3,0.4	models/items/terrorblade/knight_of_foulfell_terrorblade_weapon/knight_of_foulfell_terrorblade_weapon.vmdl_c
terrorblade@arcana+broken_code.armor	models/heroes/terrorblade/terrorblade_arcana.vmdl_c	--dirs 8 --frame 80 --world 160 --margin 1.4 --fps 12 --max-frames 12 --pixel --light 1.6 --autoexpose 0.3 --anims cast=cast@0-0.75,walk=run,idle=idle,attack=attack@0.12-0.7,death=death --glow-mask materials/models/heroes/terrorblade --glow-color 1.0,0.3,0.3 --glow-grow 18 --expose-target 0.5 --glow-mat weapon=1.0,0.3,0.3,0.75;terrorblade_color|armor_color=1.0,0.3,0.3,0.4	models/items/terrorblade/tb_samurai_armor/tb_samurai_armor.vmdl_c
terrorblade@arcana+broken_code.back	models/heroes/terrorblade/terrorblade_arcana.vmdl_c	--dirs 8 --frame 80 --world 160 --margin 1.4 --fps 12 --max-frames 12 --pixel --light 1.6 --autoexpose 0.3 --anims cast=cast@0-0.75,walk=run,idle=idle,attack=attack@0.12-0.7,death=death --glow-mask materials/models/heroes/terrorblade --glow-color 1.0,0.3,0.3 --glow-grow 18 --expose-target 0.5 --glow-mat weapon=1.0,0.3,0.3,0.75;terrorblade_color|armor_color=1.0,0.3,0.3,0.4	models/items/terrorblade/tb_samurai_back/tb_samurai_back.vmdl_c
terrorblade@arcana+broken_code.head	models/heroes/terrorblade/terrorblade_arcana.vmdl_c	--dirs 8 --frame 80 --world 160 --margin 1.4 --fps 12 --max-frames 12 --pixel --light 1.6 --autoexpose 0.3 --anims cast=cast@0-0.75,walk=run,idle=idle,attack=attack@0.12-0.7,death=death --glow-mask materials/models/heroes/terrorblade --glow-color 1.0,0.3,0.3 --glow-grow 18 --expose-target 0.5 --glow-mat weapon=1.0,0.3,0.3,0.75;terrorblade_color|armor_color=1.0,0.3,0.3,0.4	models/items/terrorblade/tb_samurai_head/tb_samurai_head.vmdl_c
terrorblade@arcana+broken_code.weapon	models/heroes/terrorblade/terrorblade_arcana.vmdl_c	--dirs 8 --frame 80 --world 160 --margin 1.4 --fps 12 --max-frames 12 --pixel --light 1.6 --autoexpose 0.3 --anims cast=cast@0-0.75,walk=run,idle=idle,attack=attack@0.12-0.7,death=death --glow-mask materials/models/heroes/terrorblade --glow-color 1.0,0.3,0.3 --glow-grow 18 --expose-target 0.5 --glow-mat weapon=1.0,0.3,0.3,0.75;terrorblade_color|armor_color=1.0,0.3,0.3,0.4	models/items/terrorblade/tb_samurai_weapon/tb_samurai_weapon.vmdl_c
terrorblade@arcana+forgotten_station.armor	models/heroes/terrorblade/terrorblade_arcana.vmdl_c	--dirs 8 --frame 80 --world 160 --margin 1.4 --fps 12 --max-frames 12 --pixel --light 1.6 --autoexpose 0.3 --anims cast=cast@0-0.75,walk=run,idle=idle,attack=attack@0.12-0.7,death=death --glow-mask materials/models/heroes/terrorblade --glow-color 1.0,0.3,0.3 --glow-grow 18 --expose-target 0.5 --glow-mat weapon=1.0,0.3,0.3,0.75;terrorblade_color|armor_color=1.0,0.3,0.3,0.4	models/items/terrorblade/terrorblade_ultimate_depravity_armor/terrorblade_ultimate_depravity_armor.vmdl_c
terrorblade@arcana+forgotten_station.back	models/heroes/terrorblade/terrorblade_arcana.vmdl_c	--dirs 8 --frame 80 --world 160 --margin 1.4 --fps 12 --max-frames 12 --pixel --light 1.6 --autoexpose 0.3 --anims cast=cast@0-0.75,walk=run,idle=idle,attack=attack@0.12-0.7,death=death --glow-mask materials/models/heroes/terrorblade --glow-color 1.0,0.3,0.3 --glow-grow 18 --expose-target 0.5 --glow-mat weapon=1.0,0.3,0.3,0.75;terrorblade_color|armor_color=1.0,0.3,0.3,0.4	models/items/terrorblade/terrorblade_ultimate_depravity_back/terrorblade_ultimate_depravity_back.vmdl_c
terrorblade@arcana+forgotten_station.head	models/heroes/terrorblade/terrorblade_arcana.vmdl_c	--dirs 8 --frame 80 --world 160 --margin 1.4 --fps 12 --max-frames 12 --pixel --light 1.6 --autoexpose 0.3 --anims cast=cast@0-0.75,walk=run,idle=idle,attack=attack@0.12-0.7,death=death --glow-mask materials/models/heroes/terrorblade --glow-color 1.0,0.3,0.3 --glow-grow 18 --expose-target 0.5 --glow-mat weapon=1.0,0.3,0.3,0.75;terrorblade_color|armor_color=1.0,0.3,0.3,0.4	models/items/terrorblade/terrorblade_ultimate_depravity_head/terrorblade_ultimate_depravity_head.vmdl_c
terrorblade@arcana+forgotten_station.weapon	models/heroes/terrorblade/terrorblade_arcana.vmdl_c	--dirs 8 --frame 80 --world 160 --margin 1.4 --fps 12 --max-frames 12 --pixel --light 1.6 --autoexpose 0.3 --anims cast=cast@0-0.75,walk=run,idle=idle,attack=attack@0.12-0.7,death=death --glow-mask materials/models/heroes/terrorblade --glow-color 1.0,0.3,0.3 --glow-grow 18 --expose-target 0.5 --glow-mat weapon=1.0,0.3,0.3,0.75;terrorblade_color|armor_color=1.0,0.3,0.3,0.4	models/items/terrorblade/terrorblade_ultimate_depravity_weapon/terrorblade_ultimate_depravity_weapon.vmdl_c
